,Locality,Postcode,Fire_Activity_Occurrences
0,UNDERBOOL,3509,0
1,NURRAN,3888,0
2,WOORNDOO,3272,0
3,DEPTFORD,3875,0
4,YANAC,3418,0
5,MINIMAY,3413,0
6,GLEN FORBES,3990,0
7,ADAMS ESTATE,3984,0
8,CARAG CARAG,3623,0
9,CANNUM,3393,1
10,WALLUP,3401,0
11,MURRA WARRA,3401,0
12,KALKEE,3401,0
13,WAIL,3401,0
14,PIMPINIO,3401,0
15,DOOEN,3401,0
16,VECTIS,3401,0
17,QUANTONG,3401,0
18,STANHOPE,3623,0
19,TERRICK TERRICK,3575,0
20,METCALFE EAST,3444,0
21,OMEO,3898,0
22,YAPEEN,3451,0
23,LOGAN,3475,0
24,TOM GROGGIN,3707,0
25,TAMBOON,3890,0
26,WONGUNGARRA,3862,0
27,WILSONS PROMONTORY,3960,0
28,GUILDFORD,3451,0
29,WILLAURA,3379,3
30,COBBERAS,3900,0
31,MACLEOD,3085,0
32,HEIDELBERG WEST,3081,0
33,MONEGEETTA,3433,0
34,PERONNE,3413,4
35,TUTYE,3490,0
36,MOORALLA,3314,14
37,DUNKELD,3294,1
38,SUGGAN BUGGAN,3885,0
39,BAW BAW,3833,0
40,LARPENT,3249,0
41,MURROON,3243,0
42,WAHRING,3608,0
43,COOJAR,3315,0
44,SEAVIEW,3821,0
45,LABERTOUCHE,3816,0
46,DEEPDENE,3103,0
47,DROUIN WEST,3818,0
48,JINDIVICK,3818,1
49,GREENS CREEK,3381,2
50,MURRAYVILLE,3512,0
51,EDENHOPE,3318,4
52,WARRACKNABEAL,3393,2
53,DARTMOOR,3304,17
54,DANDONGADALE,3737,0
55,GELANTIPY,3885,0
56,LINGA,3509,0
57,BOINKA,3490,0
58,TENBY POINT,3984,0
59,CORONET BAY,3984,0
60,CORINELLA,3984,0
61,CROYDON SOUTH,3136,0
62,BANKSIA PENINSULA,3875,0
63,GEORGES CREEK,3700,0
64,PASCOE VALE,3044,0
65,KULWIN,3490,0
66,WALPEUP,3507,0
67,WYCHEPROOF,3527,0
68,MARENGO,3233,0
69,CAPE OTWAY,3233,0
70,WATTLE HILL,3237,0
71,GELLIBRAND LOWER,3237,0
72,PRINCETOWN,3269,0
73,PETERBOROUGH,3270,0
74,SCOTSBURN,3352,0
75,REEDY CREEK,3658,0
76,JUNGABURRA,3575,0
77,BARJARG,3723,0
78,KEYSBOROUGH,3173,0
79,FUMINA,3825,0
80,SURREY HILLS,3127,0
81,LAHARUM,3401,0
82,WATCHUPGA,3485,0
83,NAREEN,3315,1
84,HOTSPUR,3303,0
85,PIONEER BAY,3984,0
86,LANG LANG,3984,0
87,ANDERSON,3995,0
88,BASS,3991,0
89,BANGHOLME,3175,0
90,TANJIL BREN,3833,0
91,DUVERNEY,3323,0
92,LASCELLES,3487,0
93,GRAMPIANS,3314,0
94,MARYSVILLE,3779,0
95,BENALLA,3671,0
96,LONGFORD,3851,2
97,HEXHAM,3273,0
98,PENSHURST,3289,0
99,GLENTHOMPSON,3293,1
100,BURNLEY,3121,0
101,WINDSOR,3181,0
102,ESSENDON WEST,3040,0
103,TETOORA ROAD,3821,0
104,GLENDONALD,3364,0
105,BALMATTUM,3666,0
106,WOOMELANG,3485,1
107,PATCHEWOLLOCK,3491,0
108,KANIVA,3419,5
109,KOOREH,3477,0
110,NHILL,3418,8
111,DARTMOUTH,3701,0
112,TELOPEA DOWNS,3420,1
113,DIGGORA,3561,0
114,GLENISLA,3314,2
115,LILLIMUR,3420,0
116,WULGULMERANG WEST,3885,0
117,SWAN ISLAND,3225,0
118,KYVALLEY,3621,0
119,BRANXHOLME,3302,3
120,BORNES HILL,3379,1
121,TANJIL,3825,0
122,GLEN VALLEY,3898,0
123,SWIFTS CREEK,3896,0
124,ROCKLANDS,3401,1
125,WOOLSTHORPE,3276,0
126,ZUMSTEINS,3401,0
127,HALLORA,3818,0
128,MORNINGTON,3931,0
129,WAITCHIE,3544,0
130,FERNSHAW,3778,0
131,DOUGLAS,3401,0
132,LANGKOOP,3318,0
133,WENSLEYDALE,3241,1
134,SERVICETON,3420,4
135,RUPANYUP,3388,13
136,BUCHAN SOUTH,3885,2
137,NETHERBY,3418,0
138,MACARTHUR,3286,1
139,MARRAWEENEY,3669,0
140,LISMORE,3324,3
141,LICOLA,3858,0
142,YAAPEET,3424,0
143,COWANGIE,3506,0
144,NARBETHONG,3778,0
145,BOLWARRAH,3352,0
146,SKENES CREEK,3233,0
147,MAFEKING,3379,0
148,CHURCHILL ISLAND,3925,0
149,MASSEY,3482,0
150,PRINCES HILL,3054,0
151,SUNSET STRIP,3922,0
152,EUREKA,3350,0
153,WIMBLEDON HEIGHTS,3922,0
154,RIPPONLEA,3185,0
155,GARDENVALE,3185,0
156,EGANSTOWN,3461,0
157,WIRRATE,3608,0
158,BLACKHEATH,3401,0
159,NATIMUK,3409,1
160,DUCHEMBEGARRA,3409,0
161,LALOR,3075,0
162,KERGUNYAH SOUTH,3691,0
163,DEDERANG,3691,0
164,UPPER GUNDOWRING,3691,0
165,NAYOOK,3821,0
166,GENTLE ANNIE,3833,0
167,CURLEWIS,3222,1
168,WANDANA HEIGHTS,3216,0
169,WARANGA SHORES,3612,0
170,WATERFORD PARK,3658,0
171,SANDHURST,3977,0
172,NELSON,3292,3
173,TOWANINNY SOUTH,3527,0
174,MOUNT RICHMOND,3305,0
175,DRIK DRIK,3304,0
176,CHETWYND,3312,0
177,POWERS CREEK,3312,1
178,BRIT BRIT,3315,1
179,LAKE MUNDI,3312,0
180,BALLAPUR,3483,1
181,CHANDLERS CREEK,3890,0
182,HARROW,3317,0
183,GENOA,3891,0
184,HEATH HILL,3981,0
185,ATHLONE,3818,0
186,DRUMBORG,3304,0
187,HOPETOUN,3396,1
188,YANDOIT HILLS,3461,0
189,CHINKAPOOK,3546,0
190,WHITTINGTON,3219,0
191,JUNCTION VILLAGE,3977,0
192,GLENPATRICK,3469,0
193,SUTTON,3530,0
194,WERRIBEE SOUTH,3030,0
195,KEILOR,3036,0
196,YANDOIT,3461,0
197,WINCHELSEA SOUTH,3241,0
198,TUNGAMAH,3728,0
199,WOODGLEN,3875,0
200,EAGLE POINT,3878,0
201,NEWCOMB,3219,0
202,YANAKIE,3960,0
203,GHERANG,3240,0
204,POREPUNKAH,3740,0
205,ALBACUTYA,3424,0
206,SOUTH DUDLEY,3995,0
207,DALYSTON,3992,0
208,WEST CREEK,3992,0
209,ROSEBROOK,3285,0
210,WEDDERBURN,3518,0
211,NELSE,3699,0
212,BULDAH,3890,0
213,TORRITA,3490,0
214,NEUARPURR,3413,0
215,BOORT,3537,0
216,BEAUCHAMP,3579,0
217,ARCHIES CREEK,3995,0
218,ANNUELLO,3549,0
219,BIG DESERT,3490,3
220,MERRINEE,3496,0
221,BENAMBRA,3900,1
222,MERINGUR,3496,0
223,WOODSTOCK,3751,0
224,BELLBRAE,3228,0
225,KENMARE,3395,0
226,WILLENABRINA,3393,0
227,FISKVILLE,3342,0
228,CRYMELON,3393,0
229,AUBREY,3393,0
230,NULLA VALE,3435,0
231,WOOLAMAI,3995,0
232,ALMURTA,3979,0
233,CAPE PATERSON,3995,0
234,KILCUNDA,3995,0
235,WERRIMULL,3496,0
236,WINGAN RIVER,3891,0
237,PYRAMID HILL,3575,0
238,COMBIENBAR,3889,0
239,LAKE MARMAL,3525,2
240,JIL JIL,3483,0
241,WARNE,3530,0
242,CULGOA,3530,0
243,WARRAGUL SOUTH,3821,0
244,HORDERN VALE,3238,0
245,BUNGEET WEST,3726,0
246,WATTLE BANK,3995,0
247,HORSHAM,3400,0
248,LONGERENONG,3399,0
249,TATYOON,3378,2
250,BARKERS CREEK,3451,0
251,TOWER HILL,3283,0
252,KNOXFIELD,3180,1
253,IRREWILLIPE EAST,3249,0
254,ROSEBUD,3939,0
255,COCOROC,3030,0
256,ALLAMBEE,3823,0
257,TOOLERN VALE,3337,0
258,DIGGERS REST,3427,0
259,FRANKLINFORD,3461,0
260,PYALONG,3521,0
261,HILLDENE,3660,0
262,MAINDAMPLE,3723,0
263,MARTHAVALE,3875,0
264,DORODONG,3312,24
265,NOORINBEE NORTH,3890,0
266,TOORA,3962,1
267,TOOMBON,3825,0
268,FLORA HILL,3550,0
269,BRANDY CREEK,3821,0
270,TAYLORS LAKES,3038,0
271,ULTIMA,3544,0
272,BRAVINGTON,3821,0
273,DIAMOND CREEK,3089,0
274,WATTLE GLEN,3096,0
275,SKENES CREEK NORTH,3233,0
276,WYE RIVER,3221,0
277,CAPE BRIDGEWATER,3305,0
278,BOHO SOUTH,3669,0
279,KENNETT RIVER,3221,0
280,EVERSLEY,3377,0
281,GREY RIVER,3221,0
282,ELMHURST,3469,0
283,PETTICOAT CREEK,3233,0
284,HARMERS HAVEN,3995,0
285,TERRICK TERRICK EAST,3573,0
286,NORTH WONTHAGGI,3995,0
287,DENISON,3858,0
288,MANSFIELD,3722,0
289,KADNOOK,3318,2
290,CAMPBELLS BRIDGE,3381,0
291,BARFOLD,3444,0
292,DANDENONG SOUTH,3164,2
293,DANDENONG,3175,0
294,LYNBROOK,3975,0
295,GLENAROUA,3764,0
296,YEA,3717,0
297,MURRINDINDI,3717,0
298,LONGWARRY NORTH,3816,0
299,JAM JERRUP,3984,0
300,WULGULMERANG,3885,0
301,WULGULMERANG EAST,3885,0
302,BRUMBY,3885,0
303,SWAN REACH,3903,0
304,FERNY CREEK,3786,0
305,CAIRNLEA,3023,0
306,TYRRELL,3533,0
307,DALES CREEK,3341,0
308,BAMBRA,3241,0
309,MAIN LEAD,3373,0
310,CLOVERLEA,3822,0
311,WESTMEADOWS,3049,0
312,PATTERSON LAKES,3197,0
313,NOORINBEE,3890,0
314,AIRPORT WEST,3042,0
315,PATYAH,3318,0
316,MORTLAKE,3272,0
317,QUAMBATOOK,3540,0
318,TYNTYNDER SOUTH,3586,1
319,ASHWOOD,3147,0
320,ABERFELDIE,3040,0
321,PENTLAND HILLS,3341,0
322,SEAFORD,3198,0
323,BEULAH,3395,4
324,KINNABULLA,3483,0
325,NANGANA,3781,0
326,NEILBOROUGH,3570,0
327,MARYKNOLL,3812,0
328,WHIPSTICK,3556,0
329,AIRLY,3851,0
330,LAMPLOUGH,3352,0
331,BELLBIRD CREEK,3889,0
332,GOUGHS BAY,3723,0
333,MYRTLEFORD,3736,0
334,BUCKLAND,3740,0
335,MOUNT BUFFALO,3740,0
336,MALLACOOTA,3892,0
337,BARWON DOWNS,3243,0
338,LALBERT,3542,0
339,APSLEY,3319,0
340,SIDONIA,3444,0
341,LANGLEY,3444,0
342,BILLABONG,3858,0
343,HOWITT PLAINS,3858,0
344,MONTROSE,3765,0
345,YELLINGBO,3139,0
346,MOOROOLBARK,3138,0
347,SEVILLE EAST,3139,0
348,WOORI YALLOCK,3139,0
349,SOUTHERN CROSS,3283,0
350,CALIFORNIA GULLY,3556,0
351,HIGHETT,3190,0
352,CLARINDA,3169,0
353,INVERMAY PARK,3350,0
354,CORACK EAST,3480,0
355,CADELLO,3442,0
356,RINGWOOD NORTH,3134,0
357,MONTGOMERY,3851,0
358,MARIBYRNONG,3032,0
359,CAMPBELLFIELD,3061,0
360,DOCKLANDS,3008,0
361,ROCKY POINT,3377,0
362,NUTFIELD,3099,0
363,PAYNESVILLE,3880,0
364,ANGLESEA,3230,3
365,DUMOSA,3527,2
366,MIGA LAKE,3401,0
367,NORADJUHA,3401,1
368,KALPIENUNG,3529,0
369,TALLAROOK,3659,0
370,GLENORCHY,3385,5
371,SAILORS HILL,3461,0
372,MONT ALBERT,3127,0
373,CLIFTON HILL,3068,0
374,RIPPLESIDE,3215,0
375,NOBLE PARK NORTH,3174,0
376,GEELONG,3220,0
377,CAULFIELD SOUTH,3162,0
378,RICHMOND,3121,0
379,TORWOOD,3821,0
380,MORDIALLOC,3195,0
381,PANTON HILL,3759,0
382,CORAL BANK,3691,0
383,BARNADOWN,3557,0
384,MARIONVALE,3634,0
385,COLBROOK,3342,0
386,KILLARA,3691,0
387,NOTTING HILL,3168,0
388,YANGOURA,3858,0
389,CHILTERN,3683,0
390,GOLDEN GULLY,3555,0
391,WARRAGUL WEST,3821,0
392,MOGGS CREEK,3231,0
393,PARADISE BEACH,3851,0
394,BLACK ROCK,3193,0
395,NORTH GEELONG,3215,0
396,FAIRHAVEN,3231,0
397,EASTERN VIEW,3231,0
398,BRAYBROOK,3019,0
399,WARRANDYTE SOUTH,3134,0
400,LEIGH CREEK,3352,0
401,GERMANTOWN,3741,0
402,EMU CREEK,3551,0
403,MONOMEITH,3984,0
404,VERVALE,3814,0
405,THORPDALE,3835,0
406,ABERFELDY,3825,0
407,NAREEWILLOCK,3525,0
408,DRYSDALE,3222,0
409,ST KILDA EAST,3183,0
410,TENNYSON,3572,0
411,THE PATCH,3792,0
412,GLADSTONE PARK,3043,0
413,MAIDSTONE,3012,0
414,BREAKWATER,3219,0
415,ST ALBANS PARK,3219,0
416,NEWLANDS ARM,3875,0
417,BELGRAVE,3160,0
418,DOVETON,3177,0
419,CREEK JUNCTION,3669,0
420,LINDENOW,3865,0
421,PAARATTE,3268,0
422,EXFORD,3338,0
423,GOORAM,3666,0
424,SMITHS BEACH,3922,0
425,TANTARABOO,3764,0
426,TITTYBONG,3542,1
427,BAROMI,3871,0
428,BAKERY HILL,3350,0
429,WERRIBEE,3030,0
430,TARNEIT,3029,0
431,CRAIGIEBURN,3064,0
432,CHADSTONE,3148,0
433,AIREYS INLET,3231,1
434,BRIDGEWATER ON LODDON,3516,0
435,MOUNT PLEASANT,3350,0
436,NORTH BENDIGO,3550,0
437,NILMA,3821,0
438,LONGLEA,3551,0
439,FOREST HILL,3131,0
440,RYTHDALE,3810,0
441,BURNEWANG,3558,0
442,ESSENDON FIELDS,3041,0
443,WEEAPROINAH,3237,0
444,BALD HILLS,3364,0
445,ROSANNA,3084,0
446,MOE,3825,0
447,SALISBURY WEST,3517,0
448,BRIDGEWATER NORTH,3516,0
449,TRAFALGAR SOUTH,3824,0
450,THOMSON,3219,0
451,PARWAN,3340,0
452,ARMSTRONG,3377,0
453,MURRAWEE,3586,0
454,REDAN,3350,0
455,WEERING,3251,0
456,BIRREGURRA,3242,0
457,WINCHELSEA,3241,0
458,WHIRILY,3483,0
459,OAKLEIGH EAST,3166,0
460,NULLAWIL,3529,0
461,EDITHVALE,3196,0
462,SCOTCHMANS LEAD,3352,0
463,BAW BAW VILLAGE,3833,0
464,HEATHMONT,3135,0
465,SHAYS FLAT,3377,0
466,DARNUM,3822,0
467,NUNGURNER,3909,0
468,ILLOWA,3282,0
469,DAWSON,3858,0
470,LAURISTON,3444,0
471,BARRAKEE,3525,0
472,ALMA,3465,0
473,CHINTIN,3756,0
474,LAKES ENTRANCE,3909,0
475,HAVELOCK,3465,0
476,DEAN,3352,0
477,CHARLEMONT,3217,0
478,CORNELLA,3551,0
479,YALMY,3885,0
480,BUCHAN,3885,0
481,NEWLYN,3364,0
482,MAMBOURIN,3024,0
483,WYNDHAM VALE,3024,0
484,RESERVOIR,3073,0
485,MICKLEHAM,3064,0
486,SEAHOLME,3018,0
487,IRONBARK,3550,0
488,HUGHESDALE,3166,0
489,LAKE BUNGA,3909,0
490,FOOTSCRAY,3011,0
491,IRISHTOWN,3451,0
492,QUARRY HILL,3550,0
493,NORTH MELBOURNE,3051,0
494,ARDEER,3022,0
495,LONG GULLY,3550,0
496,YEODENE,3249,0
497,CLYDE,3978,0
498,MOONLIGHT FLAT,3450,0
499,NATHALIA,3638,0
500,STIRLING,3893,0
501,KILLARA,3312,0
502,STRADBROKE,3851,0
503,HAMPTON EAST,3188,0
504,FITZROY,3065,0
505,GOLDEN POINT,3465,0
506,GOWANBRAE,3043,0
507,COLLINGWOOD,3066,0
508,NEWINGTON,3350,0
509,CARNEGIE,3163,0
510,WEST BENDIGO,3550,0
511,MCCRAE,3938,0
512,HEATHERTON,3202,0
513,EAGLEHAWK,3556,0
514,LAVERTON,3028,0
515,BANGERANG,3393,4
516,BROOKVILLE,3896,1
517,JACANA,3047,0
518,TYLDEN SOUTH,3444,0
519,KINGSBURY,3083,0
520,THALLOO,3825,0
521,SUNDERLAND BAY,3922,0
522,CAMPERDOWN,3260,0
523,WEST FOOTSCRAY,3012,0
524,GOLDEN POINT,3350,0
525,ALBANVALE,3021,0
526,NORTH SHORE,3214,0
527,THALIA,3527,0
528,BALLARAT CENTRAL,3350,0
529,CRANBOURNE NORTH,3977,0
530,NARRE WARREN SOUTH,3805,0
531,COKUM,3542,0
532,DEWHURST,3808,0
533,COLDSTREAM,3770,0
534,HEALESVILLE,3777,0
535,PORT FAIRY,3284,0
536,MCKINNON,3204,0
537,TOTTENHAM,3012,0
538,SOLDIERS HILL,3350,0
539,CHEWTON BUSHLANDS,3451,0
540,CAULFIELD,3162,0
541,EUMEMMERRING,3177,0
542,ELLIMINYT,3250,0
543,MODEWARRE,3240,0
544,TIDAL RIVER,3960,0
545,MORIAC,3240,0
546,AVALON,3212,2
547,YARRAVILLE,3013,0
548,MELBOURNE,3000,0
549,MAIDEN GULLY,3551,0
550,MELWOOD,3875,0
551,ELLINBANK,3821,0
552,BAYSWATER,3153,0
553,MURCHISON,3610,0
554,BALLARAT EAST,3350,0
555,DROUIN EAST,3818,0
556,BEND OF ISLANDS,3097,0
557,WOODSIDE BEACH,3874,0
558,BASALT,3460,0
559,VERMONT SOUTH,3133,0
560,JAN JUC,3228,0
561,EAGLEHAWK NORTH,3556,0
562,KATANDRA,3634,1
563,MANANGATANG,3546,0
564,WAGGARANDALL,3646,0
565,YABBA NORTH,3646,0
566,BOORHAMAN EAST,3678,0
567,DRUMMOND,3461,0
568,MERRIJIG,3723,2
569,DRUMMOND NORTH,3446,0
570,BOX HILL SOUTH,3128,0
571,OAKLEIGH,3166,0
572,CHELSEA HEIGHTS,3196,0
573,BLIND BIGHT,3980,0
574,YORK PLAINS,3477,0
575,SAFETY BEACH,3936,0
576,CAPE WOOLAMAI,3925,0
577,BITTERN,3918,0
578,HAMLYN HEIGHTS,3215,0
579,WILLIAMS LANDING,3027,0
580,DARRIMAN,3851,0
581,LESLIE MANOR,3260,0
582,CROOKED RIVER,3862,0
583,CURYO,3483,0
584,ABBOTSFORD,3067,0
585,SILVERLEAVES,3922,0
586,SUMMERLANDS,3922,0
587,PARKDALE,3195,0
588,CLEMATIS,3782,0
589,TECOMA,3160,0
590,WATSONS CREEK,3097,0
591,WILLIAMSTOWN NORTH,3016,0
592,WARRANWOOD,3134,0
593,COOLAROO,3048,0
594,ASPENDALE,3195,0
595,WOODEND,3442,0
596,TOOLONG,3285,0
597,KIRKSTALL,3283,0
598,KOROIT,3282,0
599,CHAPEL FLAT,3352,0
600,TARRONE,3283,0
601,EURACK,3251,1
602,STAWELL,3380,0
603,FRENCH ISLAND,3921,0
604,CHUTE,3373,0
605,MOUNT LONARCH,3377,0
606,CONCONGELLA,3381,0
607,RAGLAN,3373,3
608,POINT COOK,3030,0
609,IRREWILLIPE,3249,1
610,CARLISLE RIVER,3239,2
611,ARCHERTON,3723,0
612,AIRE VALLEY,3237,0
613,APOLLO BAY,3233,0
614,BEECH FOREST,3237,0
615,SPOTSWOOD,3015,0
616,NEWPORT,3015,0
617,MOUNT MORIAC,3240,0
618,CARINA,3512,0
619,BESSIEBELLE,3304,0
620,NUMURKAH,3636,0
621,BLACK HILL,3350,0
622,DRUMCONDRA,3215,0
623,BENNISON,3960,0
624,BOX HILL,3128,0
625,TOOTGAROOK,3941,0
626,ADELAIDE LEAD,3465,0
627,MAJORCA,3465,0
628,MARYBOROUGH,3465,0
629,LILLICO,3820,0
630,NUNAWADING,3131,0
631,MOUNT SABINE,3236,0
632,BLAIRGOWRIE,3942,0
633,NORLANE,3214,0
634,FITZROY NORTH,3068,0
635,ALBION,3020,0
636,EPSOM,3551,0
637,MANIFOLD HEIGHTS,3218,0
638,GLEN HUNTLY,3163,0
639,BELGRAVE HEIGHTS,3160,0
640,GEELONG WEST,3218,0
641,CROYDON HILLS,3136,0
642,NOORAT EAST,3265,0
643,MEADOW HEIGHTS,3048,0
644,COBAINS,3851,0
645,ATTWOOD,3049,0
646,BUCKLEY,3240,0
647,MARCUS HILL,3222,0
648,CARDIGAN VILLAGE,3352,0
649,HUNTINGDALE,3166,0
650,KINGSVILLE,3012,0
651,BALACLAVA,3183,0
652,SOUTH KINGSVILLE,3015,0
653,SURF BEACH,3922,0
654,YALLAMBIE,3085,0
655,ALPHINGTON,3078,0
656,BONBEACH,3196,0
657,BELL PARK,3215,0
658,PORTARLINGTON,3223,0
659,MURRUMBEENA,3163,0
660,CHELSEA,3196,0
661,BALLARAT NORTH,3350,0
662,STANHOPE SOUTH,3623,0
663,ELWOOD,3184,0
664,ELSTERNWICK,3185,0
665,SASSAFRAS,3787,0
666,LAKE WENDOUREE,3350,0
667,MOORABBIN,3189,0
668,SPRINGVALE SOUTH,3172,0
669,KOO WEE RUP NORTH,3981,0
670,MUNTHAM,3312,0
671,YARRABERB,3516,0
672,BONEO,3939,0
673,BARWIDGEE,3737,0
674,CHOCOLYN,3260,0
675,NORTH WANGARATTA,3678,0
676,GRITJURK,3315,0
677,BRIMBOAL,3312,2
678,RHYLL,3923,0
679,NALANGIL,3249,0
680,CARALULUP,3371,0
681,TAROON,3265,0
682,BURWOOD EAST,3151,0
683,FARADAY,3451,0
684,ARTHURS SEAT,3936,0
685,FLYNNS CREEK,3844,0
686,BIG HILL,3231,0
687,FRYERSTOWN,3451,0
688,KORWEINGUBOORA,3461,0
689,BUNDALONG SOUTH,3730,0
690,FRAMLINGHAM EAST,3265,0
691,MURRINDAL,3885,0
692,KARDELLA,3951,0
693,SPRINGDALLAH,3351,0
694,HOWQUA INLET,3723,0
695,SAWMILL SETTLEMENT,3723,0
696,BROOKLYN,3012,0
697,TREMONT,3785,0
698,BELLELLEN,3380,0
699,CARRAJUNG SOUTH,3844,1
700,RED HILL SOUTH,3937,0
701,RUNNING CREEK,3691,0
702,PHEASANT CREEK,3757,0
703,NULLAWARRE NORTH,3268,0
704,HAWTHORN,3122,0
705,TRIDA,3953,0
706,TANWOOD,3478,0
707,LEMNOS,3631,0
708,MILNES BRIDGE,3579,0
709,AYRFORD,3268,0
710,MAILORS FLAT,3275,0
711,WESTBY,3579,0
712,BULN BULN,3821,0
713,YANNATHAN,3981,0
714,AVONSLEIGH,3782,0
715,DEVILS RIVER,3714,0
716,MENZIES CREEK,3159,0
717,THE COVE,3268,0
718,HARCOURT,3453,0
719,TARILTA,3451,0
720,MIRBOO NORTH,3871,0
721,COOPERS CREEK,3825,0
722,WALHALLA,3825,0
723,TATONG,3673,0
724,MOYHU,3732,0
725,BURROWYE,3709,0
726,GLENROY,3046,0
727,BROADMEADOWS,3047,0
728,SHEPHERDS FLAT,3461,0
729,RIVERSLEA,3860,0
730,BUNDALAGUAH,3851,0
731,MOE SOUTH,3825,0
732,MOUNT EVELYN,3796,0
733,WHOROULY,3735,0
734,KYABRAM SOUTH,3620,0
735,HOTHAM HEIGHTS,3741,0
736,BULLARTO,3461,0
737,TARRANYURK,3414,0
738,WARRENBAYNE,3670,0
739,DEVON NORTH,3971,0
740,YARRAM,3971,0
741,WON WRON,3971,0
742,GAPSTED,3737,0
743,DONCASTER EAST,3109,0
744,HILLCREST,3351,0
745,PIGGOREET,3351,0
746,MERBEIN SOUTH,3505,0
747,ROSEBERY,3395,0
748,NEERIM,3831,0
749,PURDEET,3289,0
750,TABBERABBERA,3875,0
751,DOOKIE COLLEGE,3647,0
752,BALLENDELLA,3561,0
753,MOUNT WAVERLEY,3149,0
754,GREEN GULLY,3462,0
755,BULLAHARRE,3266,0
756,BLACKBURN SOUTH,3130,0
757,COLIGNAN,3494,1
758,CLOVER FLAT,3315,0
759,NUGGETTY,3463,0
760,ROSES GAP,3385,0
761,LAKE CONDAH,3303,0
762,STAFFORDSHIRE REEF,3351,0
763,STRZELECKI,3950,0
764,NERRING,3373,0
765,TRESCO WEST,3584,0
766,PIPERS CREEK,3444,0
767,GLENBRAE,3352,0
768,RIVERSIDE,3401,0
769,CARRUM,3197,0
770,KOROOP,3579,0
771,RAINBOW,3424,1
772,WHEELERS HILL,3150,0
773,SOUTH WHARF,3006,0
774,BENDIGO,3550,0
775,SANDRINGHAM,3191,0
776,CANTERBURY,3126,0
777,BLACKBURN NORTH,3130,0
778,PARK ORCHARDS,3114,0
779,LAKE GARDENS,3355,0
780,HERNE HILL,3218,0
781,COONOOER WEST,3477,0
782,MONGANS BRIDGE,3691,0
783,BUCKLEY SWAMP,3301,0
784,TARNAGULLA,3551,0
785,LOCH VALLEY,3833,0
786,CUNDARE,3251,0
787,ELINGAMITE,3266,0
788,WEE WEE RUP,3568,0
789,GLEN WAVERLEY,3150,0
790,EAST SALE,3852,0
791,MELVILLE FOREST,3315,0
792,DALTONS BRIDGE,3568,0
793,LOVELY BANKS,3213,0
794,BELLFIELD,3381,0
795,BELL POST HILL,3215,0
796,CLARENDON,3352,0
797,THOMASTOWN,3074,0
798,BELGRAVE SOUTH,3160,0
799,MEPUNGA,3277,0
800,SMITHS GULLY,3760,0
801,SHEANS CREEK,3666,0
802,HURSTBRIDGE,3099,0
803,FRANKSTON SOUTH,3199,0
804,BADDAGINNIE,3670,0
805,DONVALE,3111,0
806,EMU,3475,0
807,KARDELLA SOUTH,3950,0
808,BETLEY,3472,0
809,CABBAGE TREE,3364,0
810,STAUGHTON VALE,3221,0
811,BUNGADOR,3260,0
812,JOYCES CREEK,3364,0
813,WEIR VIEWS,3338,0
814,SYLVATERRE,3575,0
815,KEILOR NORTH,3036,0
816,HUMEVALE,3757,0
817,NAROGHID,3266,0
818,HAZEL PARK,3966,0
819,FERGUSON,3237,0
820,MILLOO,3572,1
821,NEERIM JUNCTION,3821,0
822,GLENHOPE EAST,3522,0
823,BRIGHTON EAST,3187,0
824,SANDON,3462,0
825,BORONIA,3155,0
826,WENTWORTH,3875,0
827,LANGDONS HILL,3363,0
828,WISELEIGH,3885,0
829,ALLENDALE,3364,0
830,TYAAK,3658,0
831,GIPSY POINT,3891,0
832,HOMERTON,3304,0
833,ARGYLE,3523,0
834,DOLLAR,3871,0
835,CLARKES HILL,3352,0
836,OSBORNES FLAT,3691,0
837,CASSILIS,3898,0
838,KALLISTA,3791,0
839,BIRDWOODTON,3505,0
840,SPARGO CREEK,3461,0
841,DENNINGTON,3280,0
842,KOROBEIT,3341,0
843,CABARITA,3505,0
844,KANYA,3381,0
845,MOUNT DORAN,3334,0
846,AVONDALE HEIGHTS,3034,0
847,SOMERTON,3062,0
848,CLARETOWN,3352,0
849,MOKEPILLY,3380,0
850,NEWHAVEN,3925,0
851,OAKLEIGH SOUTH,3167,0
852,SHERBROOKE,3789,0
853,HEATHCOTE JUNCTION,3758,0
854,ROBERTSONS BEACH,3971,0
855,ENDEAVOUR HILLS,3802,0
856,RAWSON,3825,0
857,SKINNERS FLAT,3518,0
858,LLOWALONG,3862,0
859,GOLDEN POINT,3451,0
860,MUSK,3461,0
861,WOODSIDE NORTH,3874,0
862,LANGSBOROUGH,3971,0
863,STRATHMORE HEIGHTS,3041,0
864,PIEDMONT,3833,0
865,BEACONSFIELD UPPER,3808,0
866,ST LEONARDS,3223,0
867,PASCHENDALE,3315,0
868,HAVILAH,3737,1
869,BIG PATS CREEK,3799,0
870,SUNDAY CREEK,3658,0
871,AMOR,3825,0
872,LAWRENCE,3364,0
873,EDGECOMBE,3444,0
874,GELLIONDALE,3971,0
875,GILLIESTON,3616,0
876,COWES,3922,0
877,AVON PLAINS,3477,0
878,CAPE CONRAN,3888,0
879,INKERMAN,3472,0
880,BOWSER,3678,0
881,LUCKNOW,3875,0
882,BAXTER,3911,0
883,SAILORS FALLS,3461,0
884,WALDARA,3678,0
885,ORRVALE,3631,1
886,YANGERY,3283,0
887,ERICA,3825,0
888,OXLEY FLATS,3678,0
889,HAZELWOOD SOUTH,3840,0
890,WONGA,3960,0
891,CRANBOURNE WEST,3977,0
892,COBAW,3442,0
893,MEPUNGA EAST,3277,0
894,DON VALLEY,3139,0
895,GLENDARUEL,3363,0
896,CHEROKEE,3434,0
897,MERRIANG,3737,0
898,MERBEIN WEST,3505,0
899,MILLGROVE,3799,0
900,DOCTORS FLAT,3895,0
901,WARATAH BAY,3959,0
902,WOODFORD,3281,0
903,CROSSOVER,3821,0
904,TOOLAMBA WEST,3614,0
905,WOORINEN NORTH,3589,1
906,VENUS BAY,3956,0
907,GRAHAMVALE,3631,1
908,THORPDALE SOUTH,3824,0
909,THE HONEYSUCKLES,3851,0
910,JEERALANG JUNCTION,3840,0
911,HINNOMUNJIE,3898,0
912,TULKARA,3384,0
913,TEESDALE,3328,0
914,CLAYTON SOUTH,3169,0
915,SHANNONVALE,3898,0
916,HALLAM,3803,0
917,YARPTURK,3283,0
918,RAVENHALL,3023,0
919,BLACKBURN,3130,0
920,MAINTONGOON,3714,0
921,MOLYULLAH,3673,0
922,SELBY,3159,0
923,CRIB POINT,3919,0
924,BULLEEN,3105,0
925,LAKE TYERS BEACH,3909,0
926,MOUNT ALFRED,3691,0
927,WEST MELBOURNE,3003,0
928,YARRAGON,3823,0
929,GLENMAGGIE,3858,0
930,TAHARA,3301,0
931,MORGIANA,3301,0
932,TARRENLEA,3315,0
933,HAMPTON,3188,0
934,WILD DOG VALLEY,3953,0
935,MOUNT MAJOR,3646,0
936,NEWLYN NORTH,3364,0
937,STRATHTULLOH,3338,0
938,MELTON SOUTH,3338,0
939,KEALBA,3021,0
940,FAWKNER,3060,0
941,HALLSTON,3953,0
942,HALLS GAP,3381,0
943,ZEERUST,3634,0
944,CASTLE CREEK,3691,0
945,BROMLEY,3472,0
946,BEREMBOKE,3342,0
947,LITTLE RIVER,3211,3
948,SIMSON,3465,0
949,MOONLIGHT FLAT,3465,0
950,MOUNT PROSPECT,3364,0
951,EDI,3678,0
952,VIEWBANK,3084,0
953,NARRE WARREN EAST,3804,0
954,THE BASIN,3154,0
955,VITE VITE NORTH,3325,1
956,BURNSIDE,3023,0
957,MURNUNGIN,3544,0
958,MEATIAN,3585,0
959,NINYEUNOOK,3527,2
960,NORONG,3682,0
961,UNDERA,3629,0
962,TOWONG UPPER,3707,0
963,CARWARP,3494,0
964,MINHAMITE,3287,0
965,WATTLE FLAT,3352,0
966,MINJAH,3276,1
967,POINT WILSON,3212,0
968,PAKENHAM,3810,0
969,NEERIM SOUTH,3831,0
970,DALMORE,3981,0
971,MCKENZIE HILL,3451,0
972,MOUNT FRANKLIN,3461,0
973,WANDIN EAST,3139,0
974,WARRANDYTE,3113,0
975,WANDIN NORTH,3139,0
976,CANNONS CREEK,3977,0
977,GNOTUK,3260,0
978,ANTWERP,3414,0
979,DINGLEY VILLAGE,3172,0
980,DIMBOOLA,3414,4
981,JEPARIT,3423,8
982,SELWYN,3737,0
983,MOUNT TOOLEBEWONG,3777,0
984,BOOLARONG,3960,0
985,LORQUON,3418,0
986,NORTH WARRANDYTE,3113,0
987,BATHUMI,3730,0
988,GAFFNEYS CREEK,3723,0
989,BIG HILL,3555,0
990,MOSSIFACE,3885,0
991,BELLS BEACH,3228,0
992,ALTONA NORTH,3025,0
993,TRUGANINA,3029,0
994,BADGER CREEK,3777,0
995,SUNBURY,3429,0
996,ST ALBANS,3021,0
997,EAST BAIRNSDALE,3875,0
998,DAYLESFORD,3460,0
999,MUCKLEFORD,3451,0
1000,ALEXANDRA,3714,0
1001,THORNTON,3712,0
1002,KALORAMA,3766,0
1003,WOORARRA WEST,3960,0
1004,COWLEYS CREEK,3268,0
1005,PENNYROYAL,3235,0
1006,WANNON,3301,0
1007,BROOMFIELD,3364,0
1008,BOWMANS FOREST,3735,0
1009,JANCOURT,3266,0
1010,OLINDA,3788,0
1011,YELTA,3505,0
1012,SWAN HILL,3585,0
1013,WHOROULY EAST,3735,0
1014,MERBEIN,3505,0
1015,UPPER FERNTREE GULLY,3156,0
1016,UPWEY,3158,0
1017,LAKE LONSDALE,3381,0
1018,BERRINGA,3351,0
1019,ELINGAMITE NORTH,3266,0
1020,PELLUEBLA,3727,0
1021,NYAH WEST,3595,0
1022,APPIN,3579,0
1023,MOUNT BOLTON,3352,0
1024,OMEO VALLEY,3888,0
1025,ELEVATED PLAINS,3461,0
1026,MANDURANG,3551,0
1027,MOUNT BECKWORTH,3363,0
1028,HEPBURN,3461,0
1029,MOLOGA,3575,0
1030,FLAMINGO BEACH,3851,0
1031,DOOKIE,3646,0
1032,ROKEBY,3821,0
1033,PURNIM WEST,3278,0
1034,MOUNT DANDENONG,3767,0
1035,CALROSSIE,3971,0
1036,GRANITE ROCK,3875,0
1037,NICHOLSON,3882,0
1038,SARSFIELD,3875,0
1039,LENEVA,3691,0
1040,MURRAY-SUNSET,3490,0
1041,OUYEN,3490,1
1042,HATTAH,3501,3
1043,HAWKESDALE,3287,0
1044,CARAMUT,3274,0
1045,RUBICON,3712,0
1046,BONNIE DOON,3720,0
1047,BUNGAREE,3352,1
1048,NIRRANDA,3268,0
1049,YUNDOOL,3727,0
1050,WINLATON,3585,0
1051,MINMINDIE,3537,0
1052,LAKE EPPALOCK,3551,0
1053,CAPE SCHANCK,3939,0
1054,BORALMA,3682,0
1055,MOOROOPNA,3629,0
1056,WAYGARA,3888,0
1057,DHURRINGILE,3610,0
1058,ELLASWOOD,3875,0
1059,EAST WANGARATTA,3678,0
1060,KYNETON SOUTH,3444,0
1061,LORNE,3232,0
1062,STACEYS BRIDGE,3971,0
1063,CASTERTON,3311,5
1064,SANDFORD,3312,0
1065,LAKE BOLAC,3351,6
1066,SIMPSON,3266,0
1067,NATTE YALLOCK,3465,0
1068,BUFFALO,3958,0
1069,GLENBURN,3717,0
1070,WILLUNG,3847,0
1071,STEWARTON,3725,0
1072,MORANDING,3764,0
1073,YEO,3249,0
1074,WELSHMANS REEF,3462,0
1075,GOWER,3451,0
1076,DROUIN,3818,0
1077,BERRIMAL,3518,0
1078,WAAIA,3637,0
1079,MIA MIA,3444,0
1080,YARCK,3719,0
1081,WYUNA,3620,0
1082,LANDSBOROUGH,3384,0
1083,MITCHELL PARK,3352,0
1084,MYRNIONG,3341,0
1085,BLACKWOOD,3458,0
1086,COIMADAI,3340,0
1087,CUDGEE,3265,0
1088,HOMEBUSH,3465,0
1089,BULLENGAROOK,3437,0
1090,MARSHALL,3216,0
1091,HAVEN,3401,0
1092,LOWER NORTON,3401,0
1093,TURTONS CREEK,3960,0
1094,NUG NUG,3737,0
1095,GOWANFORD,3544,0
1096,TARRENGOWER,3463,0
1097,ALTONA,3018,0
1098,BUSHFIELD,3281,0
1099,RATHSCAR,3465,0
1100,BOOLARRA,3870,0
1101,LLANELLY,3551,0
1102,CURDIEVALE,3268,0
1103,CALLIGNEE,3844,0
1104,WANGOOM,3279,0
1105,OCEAN GRANGE,3880,0
1106,TYERS,3844,0
1107,STONYFORD,3260,0
1108,CARPENDEIT,3260,0
1109,TAMBO CROSSING,3893,0
1110,TARADALE,3447,0
1111,SWANWATER,3477,0
1112,GUYS FOREST,3709,1
1113,BRIMIN,3685,0
1114,GROVEDALE,3216,0
1115,BUNDALONG,3730,0
1116,BOORHAMAN NORTH,3685,0
1117,ESMOND,3730,0
1118,ALLAMBEE SOUTH,3871,0
1119,LANGWARRIN SOUTH,3911,0
1120,BOXWOOD,3725,0
1121,NORVAL,3377,0
1122,MANOR LAKES,3024,0
1123,WOORINEN SOUTH,3588,1
1124,KATANDRA WEST,3634,0
1125,DOCKERS PLAINS,3678,0
1126,COBRICO,3266,0
1127,POMBORNEIT EAST,3249,0
1128,DARRAWEIT GUIM,3756,1
1129,KEELY,3568,0
1130,HOLLANDS LANDING,3862,0
1131,BINGO MUNJIE,3898,0
1132,DRUMANURE,3636,0
1133,NIRRANDA EAST,3268,0
1134,BOONAH,3235,0
1135,SHELLEY,3701,8
1136,WATERHOLES,3875,0
1137,HILGAY,3315,0
1138,CAMPBELLS CREEK,3451,0
1139,KNEBSWORTH,3286,0
1140,DELATITE,3723,0
1141,NEERIM NORTH,3821,0
1142,KOETONG,3704,8
1143,MERRIMU,3340,0
1144,BATESFORD,3213,0
1145,GHERINGHAP,3331,0
1146,MOORABOOL,3213,0
1147,SUTHERLANDS CREEK,3331,0
1148,BANNOCKBURN,3331,0
1149,RUSSELLS BRIDGE,3331,0
1150,GLADYSDALE,3797,0
1151,SILVAN,3795,0
1152,POOWONG,3988,0
1153,WALKERVILLE NORTH,3956,0
1154,CARDROSS,3496,0
1155,LOCKWOOD SOUTH,3551,0
1156,COTTLES BRIDGE,3099,0
1157,SPRINGBANK,3352,0
1158,CHILTERN VALLEY,3683,0
1159,LAEN EAST,3480,0
1160,MUCKLEFORD SOUTH,3462,0
1161,WYUNA EAST,3620,0
1162,BET BET,3472,0
1163,BOSTOCKS CREEK,3260,0
1164,NYERIMILANG,3909,0
1165,SEATON,3858,0
1166,BARONGAROOK WEST,3249,0
1167,TIMOR WEST,3465,0
1168,GORAE WEST,3305,0
1169,LITTLE HAMPTON,3458,0
1170,PORT ALBERT,3971,0
1171,LANCASTER,3620,0
1172,MACORNA NORTH,3568,0
1173,BENTLEIGH,3204,0
1174,RIPPLEBROOK,3818,0
1175,LILYDALE,3140,0
1176,DUNNEWORTHY,3377,0
1177,WINJALLOK,3380,0
1178,TAWONGA SOUTH,3698,0
1179,WEDDERBURN JUNCTION,3518,0
1180,BURRAMINE SOUTH,3730,0
1181,COOMA,3616,0
1182,DUNNSTOWN,3352,0
1183,BUNINYONG,3357,0
1184,LEONARDS HILL,3461,0
1185,SIMPSONS CREEK,3888,0
1186,WHEATSHEAF,3461,0
1187,VAUGHAN,3451,0
1188,HEYWOOD,3304,1
1189,FRENCHMANS,3384,0
1190,GLEN WILLS,3898,0
1191,WANDONG,3758,0
1192,GRETA,3675,0
1193,CARRUM DOWNS,3201,1
1194,TYRENDARRA EAST,3285,0
1195,CASTLEMAINE,3450,0
1196,BROADLANDS,3875,0
1197,VESPER,3833,0
1198,MUSK VALE,3461,0
1199,LETHBRIDGE,3332,0
1200,SEVILLE,3139,0
1201,TOLMIE,3723,0
1202,WENDOUREE,3355,0
1203,DERGHOLM,3312,6
1204,BRADFORD,3463,0
1205,LAH,3393,0
1206,WANGANDARY,3678,0
1207,BEACONSFIELD,3807,0
1208,KERNOT,3979,0
1209,KROWERA,3945,0
1210,THORNBURY,3071,0
1211,LAKE GOLDSMITH,3373,1
1212,ST ARNAUD,3478,1
1213,POOTILLA,3352,0
1214,WOORINEN,3589,1
1215,KERRIE,3434,0
1216,MOUNT ROWAN,3352,0
1217,DEER PARK,3023,0
1218,SULKY,3352,0
1219,WALLAGARAUGH,3891,0
1220,MERRIANG SOUTH,3737,0
1221,DUMBALK NORTH,3956,0
1222,JUMBUK,3869,0
1223,MOOROODUC,3933,0
1224,FRAMLINGHAM,3265,0
1225,NOORAT,3265,0
1226,HAZELWOOD,3840,0
1227,CASTLE DONNINGTON,3585,0
1228,LADYS PASS,3523,0
1229,MOUNT HOOGHLY,3472,0
1230,KERRISDALE,3660,0
1231,BLACKWARRY,3844,1
1232,KOORNALLA,3844,0
1233,ILLAWARRA,3381,0
1234,STRATHLEA,3364,0
1235,STEIGLITZ,3331,0
1236,MIRALIE,3596,0
1237,WOOD WOOD,3596,0
1238,LANCE CREEK,3995,0
1239,EAST GEELONG,3219,0
1240,PICOLA WEST,3639,2
1241,UPTON HILL,3664,0
1242,CHEWTON,3451,0
1243,TYABB,3913,0
1244,KURRACA WEST,3518,0
1245,BULN BULN EAST,3821,0
1246,POOWONG NORTH,3988,0
1247,KORONG VALE,3520,0
1248,TOORADIN,3980,0
1249,BRIM,3391,2
1250,BAYLES,3981,0
1251,DROPMORE,3660,0
1252,MYSTIC PARK,3579,0
1253,PENTAL ISLAND,3586,0
1254,CULLEN,3568,0
1255,BULLIOH,3700,0
1256,BOLANGUM,3381,0
1257,MACCLESFIELD,3782,0
1258,HAPPY VALLEY,3360,0
1259,BUSHY PARK,3860,0
1260,BULLAROOK,3352,0
1261,POMBORNEIT,3260,0
1262,BERRIWILLOCK,3531,0
1263,CARGERIE,3334,0
1264,HUON CREEK,3691,0
1265,EBDEN,3691,0
1266,ASCOT,3364,0
1267,STRANGWAYS,3461,0
1268,UPPER RYANS CREEK,3673,0
1269,MORRL MORRL,3381,0
1270,MOUNT BRUNO,3675,0
1271,SHEPPARTON NORTH,3631,0
1272,PAKENHAM SOUTH,3810,1
1273,BUNKERS HILL,3352,0
1274,COOMOORA,3461,0
1275,JACOB CREEK,3825,0
1276,KIALLA WEST,3631,0
1277,TATURA EAST,3616,0
1278,MOORA,3612,0
1279,NEWBOROUGH,3825,0
1280,HOWQUA,3723,0
1281,PIRIES,3723,0
1282,DAISY HILL,3465,0
1283,MIDDLE CREEK,3375,0
1284,BIMBOURIE,3533,0
1285,WANGARATTA,3676,0
1286,GARFIELD,3814,0
1287,NEW GISBORNE,3438,0
1288,CALULU,3875,0
1289,DINNER PLAIN,3898,0
1290,FERNDALE,3821,0
1291,MOGLONEMBY,3666,0
1292,DURDIDWARRAH,3342,0
1293,MCKENZIE CREEK,3401,0
1294,PLENTY,3090,0
1295,YARRAMBAT,3091,0
1296,STRATHALLAN,3622,0
1297,DRY DIGGINGS,3461,0
1298,KALIMNA,3909,0
1299,WAARRE,3269,0
1300,BARRYS REEF,3458,0
1301,RESEARCH,3095,0
1302,MOUNT TASSIE,3844,0
1303,NORTH BLACKWOOD,3458,0
1304,SORRENTO,3943,0
1305,RHEOLA,3517,0
1306,GOLDSBOROUGH,3472,0
1307,FREEBURGH,3741,0
1308,YINNAR,3869,0
1309,TAHARA BRIDGE,3315,0
1310,WATTLE CREEK,3384,0
1311,GLENLUCE,3451,0
1312,DERBY,3516,0
1313,TABOR,3289,0
1314,RIACHELLA,3385,0
1315,CALLIGNEE SOUTH,3844,0
1316,FAIRLEY,3579,0
1317,ST GERMAINS,3620,0
1318,HIAMDALE,3847,0
1319,BROKEN CREEK,3673,2
1320,LANGI LOGAN,3377,0
1321,LIMA,3673,0
1322,RAYMOND ISLAND,3880,0
1323,MANNS BEACH,3971,0
1324,MEPUNGA WEST,3277,0
1325,KOTTA,3565,0
1326,HAWKHURST,3862,0
1327,SKYE,3977,0
1328,WALLACE,3352,0
1329,MOOROOPNA NORTH WEST,3616,0
1330,GORDON,3345,0
1331,RAVENSWOOD,3453,0
1332,RATHSCAR WEST,3465,0
1333,YENDON,3352,0
1334,INVERMAY,3352,0
1335,MANDURANG SOUTH,3551,0
1336,IONA,3815,0
1337,TINAMBA,3859,0
1338,SALE,3850,0
1339,MERRICKS NORTH,3926,0
1340,YAWONG HILLS,3478,0
1341,CARDINIA,3978,0
1342,BULLARTO SOUTH,3461,0
1343,BYLANDS,3762,0
1344,TAMBO UPPER,3885,0
1345,GOLDEN BEACH,3851,0
1346,WHITELAW,3950,0
1347,BENTLEIGH EAST,3165,0
1348,TIMBOON,3268,0
1349,GLENORMISTON SOUTH,3265,0
1350,NANNEELLA,3561,0
1351,LAKE WONGAN,3373,0
1352,BAMGANIE,3333,0
1353,DUNROBIN,3312,0
1354,TRESCO,3583,1
1355,MEREDITH,3333,3
1356,WALWA,3709,1
1357,LYONVILLE,3461,0
1358,NAVIGATORS,3352,0
1359,CHURCHILL,3842,0
1360,BALLAN,3342,0
1361,CURDIES RIVER,3268,0
1362,MOUNT BULLER,3723,0
1363,LOCH,3945,0
1364,GLENLOGIE,3469,0
1365,LILLIPUT,3682,0
1366,BOWEYA,3675,0
1367,KOOROOCHEANG,3364,0
1368,BAYINDEEN,3375,0
1369,CRESWICK NORTH,3363,0
1370,PORT WELSHPOOL,3965,0
1371,MONBULK,3793,0
1372,TOURELLO,3363,0
1373,BUDGERUM EAST,3579,0
1374,KANGAROO FLAT,3555,0
1375,PINE VIEW,3579,0
1376,RANCEBY,3951,0
1377,HERNES OAK,3825,0
1378,MOUNT ELIZA,3930,0
1379,ICY CREEK,3833,0
1380,YEUNGROON EAST,3525,0
1381,YABBA SOUTH,3646,0
1382,MARNOO EAST,3477,0
1383,KURRACA,3518,0
1384,BALNARRING,3926,0
1385,HASTINGS,3915,0
1386,OAKVALE,3540,0
1387,TAMBORITHA,3858,0
1388,GOBUR,3719,0
1389,FAIRY DELL,3875,0
1390,MILAWA,3678,0
1391,GRE GRE,3477,0
1392,COWWARR,3857,0
1393,JEERALANG,3840,0
1394,GRETA SOUTH,3675,0
1395,ENSAY NORTH,3895,0
1396,BARONGAROOK,3249,0
1397,MANGALORE,3663,0
1398,AVENEL,3664,0
1399,TALLANGATTA VALLEY,3701,0
1400,LUCYVALE,3691,2
1401,MUCKATAH,3644,0
1402,PARKVILLE,3052,0
1403,WERONA,3364,0
1404,MOLESWORTH,3718,0
1405,GHIN GHIN,3717,0
1406,BARRAMUNGA,3249,0
1407,LACEBY,3678,0
1408,GIRGARRE,3624,0
1409,MYALL,3533,0
1410,PANMURE,3265,0
1411,ERCILDOUNE,3352,1
1412,SWAN MARSH,3249,0
1413,ORMOND,3204,0
1414,KURTING,3517,0
1415,KIALLA EAST,3631,0
1416,OMBERSLEY,3241,1
1417,KERANG,3579,0
1418,AXE CREEK,3551,0
1419,KANGAROO GROUND,3097,0
1420,MOORILIM,3610,0
1421,ENFIELD,3352,0
1422,BALLIANG,3340,0
1423,NAPOLEONS,3352,0
1424,DURHAM LEAD,3352,0
1425,BENWERRIN,3235,0
1426,CAULFIELD NORTH,3161,0
1427,WESTMERE,3351,0
1428,TATURA,3616,0
1429,TOWAN,3596,0
1430,TAGGERTY,3714,0
1431,NYRRABY,3585,0
1432,CRANBOURNE SOUTH,3977,0
1433,BUXTON,3711,0
1434,BARINGHUP,3463,0
1435,CAVEAT,3660,0
1436,TOTTINGTON,3477,0
1437,HENTY,3312,0
1438,ANGLERS REST,3898,0
1439,WOOSANG,3518,0
1440,THREE BRIDGES,3797,0
1441,ROCHESTER,3561,0
1442,ST HELENS,3285,0
1443,NEWSTEAD,3462,0
1444,SUGARLOAF CREEK,3658,0
1445,FYANS CREEK,3381,1
1446,ARNOLD WEST,3551,0
1447,BYRNESIDE,3617,0
1448,HOWES CREEK,3723,0
1449,WARANGA,3612,0
1450,NARINGAL,3277,0
1451,CAMBERWELL,3124,0
1452,ROWVILLE,3178,0
1453,MERNDA,3754,0
1454,DOREEN,3754,0
1455,YAN YEAN,3755,0
1456,KILLARNEY,3283,0
1457,POMBORNEIT NORTH,3260,0
1458,GRENVILLE,3352,1
1459,YARRAWALLA,3575,0
1460,CLIFTON SPRINGS,3222,0
1461,PORT MELBOURNE,3207,0
1462,CLYDESDALE,3461,0
1463,HEYTESBURY LOWER,3268,0
1464,CHUM CREEK,3777,0
1465,BRIMPAEN,3400,0
1466,GERMANIA,3381,0
1467,KING VALLEY,3678,0
1468,EMERALD,3782,0
1469,HORFIELD,3567,0
1470,MINERS REST,3352,0
1471,TANGAMBALANGA,3691,0
1472,CALLIGNEE NORTH,3844,0
1473,KAMAROOKA NORTH,3571,0
1474,MOUNT MARTHA,3934,0
1475,ESSENDON NORTH,3041,0
1476,SHEPPARTON EAST,3631,0
1477,HAZELWOOD NORTH,3840,0
1478,SWANPOOL,3673,0
1479,BUNBARTHA,3634,0
1480,WANDO BRIDGE,3312,0
1481,LURG,3673,0
1482,REEFTON,3799,0
1483,RAYWOOD,3570,1
1484,FALLS CREEK,3699,0
1485,TRAVANCORE,3032,0
1486,PASTORIA,3444,0
1487,MOORNGAG,3673,0
1488,TRENTHAM EAST,3458,0
1489,ENGLEFIELD,3407,0
1490,CALDERMEADE,3984,0
1491,LIPAROO,3549,0
1492,KENLEY,3597,1
1493,SPRINGFIELD,3544,0
1494,VERMONT,3133,0
1495,LERDERDERG,3458,0
1496,DERRINALLUM,3325,0
1497,GERANG GERUNG,3418,0
1498,APPIN SOUTH,3579,0
1499,GRE GRE SOUTH,3477,0
1500,MIRRANATWA,3294,15
1501,RUSHWORTH,3612,0
1502,TALLANGATTA,3700,0
1503,SPRING HILL,3444,0
1504,GLENROWAN,3675,0
1505,STONEHAVEN,3218,0
1506,STRATHMERTON,3641,0
1507,TYRENDARRA,3285,1
1508,WYELANGTA,3237,0
1509,WARROCK,3312,1
1510,QUEENSCLIFF,3225,0
1511,SWAN BAY,3225,0
1512,POINT LONSDALE,3225,0
1513,MANNERIM,3222,0
1514,BENJEROOP,3579,0
1515,FISH POINT,3585,0
1516,ARTHURS CREEK,3099,0
1517,PORCUPINE RIDGE,3461,0
1518,GLENLYON,3461,0
1519,GERRIGERRUP,3289,0
1520,CONGUPNA,3633,0
1521,WUNGHNU,3635,0
1522,CHESNEY VALE,3725,0
1523,YANDO,3537,0
1524,WYCHITELLA NORTH,3525,0
1525,SUTHERLAND,3477,0
1526,LONDRIGAN,3678,0
1527,WINTON,3673,0
1528,WARRAYURE,3301,0
1529,NIRRANDA SOUTH,3268,0
1530,KATAMATITE EAST,3649,0
1531,YOUARANG,3728,0
1532,RICH AVON EAST,3480,0
1533,MOOLERR,3477,0
1534,WANGARABELL,3891,0
1535,GLEN CREEK,3691,0
1536,ARDMONA,3629,0
1537,GLADFIELD,3575,0
1538,ARAPILES,3409,0
1539,YALLA-Y-POORA,3378,3
1540,NEWHAM,3442,0
1541,BOGONG,3699,0
1542,ULLINA,3364,0
1543,BURKES FLAT,3475,0
1544,SOUTH PURRUMBETE,3260,0
1545,WILDWOOD,3429,0
1546,MUNDOONA,3635,0
1547,BUTCHERS RIDGE,3885,0
1548,GLENLOTH EAST,3527,0
1549,TELFORD,3730,0
1550,ALLANS FLAT,3691,0
1551,KANUMBRA,3719,0
1552,GLENORMISTON NORTH,3265,0
1553,GOOROC,3477,0
1554,HARSTON,3616,0
1555,HILL END,3825,0
1556,BUDGEE BUDGEE,3862,0
1557,CUNDARE NORTH,3251,0
1558,FERNIHURST,3518,0
1559,DEEP LEAD,3381,0
1560,TIMBOON WEST,3268,0
1561,SPRINGMOUNT,3364,0
1562,LAANG,3265,0
1563,WOOTONG VALE,3315,0
1564,KILSYTH SOUTH,3137,0
1565,BEEAC,3251,0
1566,WOODSIDE,3874,0
1567,KENSINGTON,3031,0
1568,MENA PARK,3373,0
1569,MIDDLE TARWIN,3956,0
1570,EYNESBURY,3338,0
1571,MOUNT COTTRELL,3024,0
1572,MAIN RIDGE,3928,0
1573,TRENTHAM,3458,0
1574,KINGLAKE,3763,0
1575,STRATH CREEK,3658,0
1576,CARRAJUNG,3844,6
1577,WOODSTOCK WEST,3463,0
1578,VENTNOR,3922,0
1579,SOMERVILLE,3912,0
1580,KIEWA,3691,0
1581,STEELS CREEK,3775,0
1582,DROUIN SOUTH,3818,0
1583,KINGOWER,3517,0
1584,GLENMORE,3340,0
1585,FUMINA SOUTH,3825,0
1586,DENICULL CREEK,3377,0
1587,GILLUM,3858,0
1588,PANITYA,3512,0
1589,JILPANGER,3401,0
1590,THOMSON,3825,0
1591,BEAUFORT,3373,8
1592,W TREE,3885,0
1593,YARROWEYAH,3644,0
1594,GUNBOWER,3566,0
1595,LEITCHVILLE,3567,0
1596,GRANYA,3701,0
1597,THOLOGOLONG,3691,0
1598,BUNGIL,3691,0
1599,PINE MOUNTAIN,3709,0
1600,TOWONG,3707,0
1601,NEWTOWN,3220,0
1602,MOCKINYA,3401,0
1603,YUROKE,3063,0
1604,MARNOO WEST,3387,0
1605,BELMONT,3216,0
1606,BERRINGAMA,3691,2
1607,ALLANSFORD,3277,0
1608,BUNGALALLY,3401,3
1609,SOUTH GEELONG,3220,0
1610,GOWAR EAST,3477,0
1611,CARNGHAM,3351,0
1612,CATHCART,3377,0
1613,GIL GIL,3480,0
1614,PEARCEDALE,3912,0
1615,NARINGAL EAST,3277,0
1616,LITCHFIELD,3480,0
1617,ST ARNAUD NORTH,3477,0
1618,GRASS FLAT,3409,0
1619,CHRISTMAS HILLS,3775,0
1620,TERIP TERIP,3719,0
1621,FORBES,3764,0
1622,BRUCKNELL,3268,0
1623,TRAFALGAR EAST,3824,0
1624,COWA,3862,0
1625,GLENROWAN WEST,3675,0
1626,RICHMOND PLAINS,3518,0
1627,THE HEART,3851,0
1628,TRAWOOL,3660,0
1629,HUON,3695,0
1630,DIXONS CREEK,3775,0
1631,CROSS ROADS,3373,0
1632,WOODSTOCK ON LODDON,3551,0
1633,BUDGEREE,3870,0
1634,LANGI KAL KAL,3352,0
1635,PIER MILAN,3533,0
1636,COBUNGRA,3898,0
1637,TELANGATUK EAST,3401,0
1638,KINGLAKE WEST,3757,0
1639,DADSWELLS BRIDGE,3385,0
1640,DARGO,3862,0
1641,KERANG EAST,3579,0
1642,MILLBROOK,3352,1
1643,ARCHDALE,3475,0
1644,RICH AVON,3480,0
1645,BOOKAAR,3260,0
1646,GIFFARD,3850,0
1647,ROSSBRIDGE,3377,0
1648,NINE MILE,3518,0
1649,SEASPRAY,3851,0
1650,TONGALA,3621,0
1651,YAMBUNA,3621,0
1652,UPOTIPOTPON,3669,0
1653,GOOMALIBEE,3673,0
1654,GOORAMBAT,3725,0
1655,MURCHISON NORTH,3610,0
1656,WILLANGIE,3485,3
1657,BOOMAHNOOMOONAH,3728,0
1658,MANORINA,3889,0
1659,MUSKERRY,3557,0
1660,NORTHWOOD,3660,0
1661,COOMBOONA,3629,0
1662,NILMA NORTH,3821,0
1663,KARABEAL,3294,0
1664,GRE GRE NORTH,3477,0
1665,PIGEON PONDS,3407,0
1666,LYSTERFIELD,3156,0
1667,FERNTREE GULLY,3156,0
1668,HODDLES CREEK,3139,0
1669,CODRINGTON,3285,0
1670,MOONAMBEL,3478,0
1671,WARRNAMBOOL,3280,0
1672,TYNONG NORTH,3813,0
1673,COSGROVE,3631,0
1674,BAGSHOT,3551,0
1675,GREDGWIN,3537,0
1676,TURRIFF EAST,3488,0
1677,YINNAR SOUTH,3869,0
1678,CRESWICK,3363,0
1679,CARAPOOEE WEST,3477,0
1680,JACK RIVER,3971,0
1681,ARNOLD,3551,0
1682,TYRRELL DOWNS,3533,0
1683,KOONWARRA,3954,0
1684,DUMBALK,3956,0
1685,YARRAWONGA SOUTH,3730,0
1686,PAINSWICK,3551,0
1687,WESBURN,3799,0
1688,UPPER LURG,3673,0
1689,NAVARRE,3384,0
1690,TOOLAMBA,3614,0
1691,MILLTOWN,3304,0
1692,WINNINDOO,3858,0
1693,LOCKSLEY,3665,0
1694,TALLYGAROOPNA,3634,0
1695,BALLANGEICH,3279,0
1696,ELPHINSTONE,3448,0
1697,WALLALOO,3381,0
1698,PURA PURA,3271,0
1699,CORNISHTOWN,3683,0
1700,LODDON VALE,3575,0
1701,GLENGARRY NORTH,3854,0
1702,MALDON,3463,0
1703,COSTERFIELD,3523,0
1704,WOODFIELD,3715,0
1705,BOOLA,3825,0
1706,FENTONS CREEK,3518,0
1707,MOUNT ECCLES,3953,0
1708,ARAWATA,3951,0
1709,LEONGATHA NORTH,3953,0
1710,WONTHAGGI,3995,0
1711,WINSLOW,3281,0
1712,LOCKWOOD,3551,0
1713,ASHBURTON,3147,0
1714,TUERONG,3915,0
1715,FRANKSTON NORTH,3200,0
1716,GRETA WEST,3675,0
1717,ALLAMBEE RESERVE,3871,0
1718,LANDSBOROUGH WEST,3384,0
1719,GIFFARD WEST,3851,10
1720,GARIBALDI,3352,0
1721,WARRAGUL,3820,0
1722,MOUNT BEAUTY,3699,0
1723,MOLIAGUL,3472,0
1724,ST HELENA,3088,0
1725,WHITFIELD,3733,0
1726,DELBURN,3871,0
1727,PIRRON YALLOCK,3249,0
1728,MOUNT DRYDEN,3381,0
1729,MOOROOPNA NORTH,3629,0
1730,WALLAN,3756,0
1731,TONGHI CREEK,3890,0
1732,HEIDELBERG,3084,0
1733,YATCHAW,3301,0
1734,PEECHELBA EAST,3678,0
1735,TEDDYWADDY,3525,0
1736,SHADY CREEK,3821,0
1737,EAGLEMONT,3084,0
1738,ASCOT VALE,3032,0
1739,BALWYN,3103,0
1740,MOYREISK,3467,0
1741,LAL LAL,3352,1
1742,SMEATON,3364,1
1743,WATERLOO,3373,0
1744,WHITLANDS,3678,0
1745,BULGA,3586,0
1746,NEWBURY,3458,0
1747,LANG LANG EAST,3984,0
1748,CAULFIELD EAST,3145,0
1749,ST ANDREWS BEACH,3941,0
1750,FINGAL,3939,0
1751,RYE,3941,0
1752,MCINTYRE,3472,0
1753,PEARSONDALE,3851,0
1754,OXLEY,3678,0
1755,DEANS MARSH,3235,0
1756,KOOLOONONG,3597,0
1757,BARUNAH PLAINS,3329,0
1758,BRENANAH,3517,0
1759,GOBARUP,3559,0
1760,GLENLEE,3418,0
1761,SAN REMO,3925,0
1762,GUNDOWRING,3691,0
1763,LIMA EAST,3673,0
1764,GLENGOWER,3370,0
1765,STRATEN,3533,0
1766,WINTER VALLEY,3358,0
1767,GIRGARRE EAST,3616,0
1768,MOUNT CLEAR,3350,0
1769,KILLINGWORTH,3717,0
1770,CANADIAN,3350,0
1771,CATUMNAL,3537,0
1772,BRUARONG,3749,0
1773,DOCKER,3678,0
1774,ULTIMA EAST,3544,0
1775,BENLOCH,3435,0
1776,COSGROVE SOUTH,3631,0
1777,MITCHELLSTOWN,3608,0
1778,CLIFTON CREEK,3875,0
1779,BUNGAL,3334,0
1780,TALBOT,3371,0
1781,GOLDIE,3435,0
1782,MOUNT NAPIER,3301,0
1783,WOOLSHED FLAT,3518,0
1784,PINE LODGE,3631,0
1785,BENGWORDEN,3875,0
1786,BAILIESTON,3608,0
1787,WEHLA,3518,0
1788,CHEPSTOWE,3351,0
1789,BARRAPORT WEST,3537,4
1790,JERUK,3527,5
1791,GLENFALLOCH,3858,0
1792,LOWER PLENTY,3093,0
1793,ELTHAM NORTH,3095,0
1794,BARKSTEAD,3352,0
1795,ROCKLYN,3364,0
1796,ARCADIA SOUTH,3631,0
1797,BOWEYA NORTH,3675,0
1798,MIEPOLL,3666,0
1799,LONGWOOD,3665,0
1800,NAREEB,3293,2
1801,BEARS LAGOON,3517,0
1802,ROSEWHITE,3737,0
1803,BANNERTON,3549,2
1804,EAST WARBURTON,3799,0
1805,MCMAHONS CREEK,3799,0
1806,TOORONGO,3833,0
1807,KILMORE,3764,0
1808,SNAKE VALLEY,3351,0
1809,KOO WEE RUP,3981,0
1810,KANYAPELLA,3564,0
1811,KONONGWOOTONG,3315,0
1812,GATUM,3407,0
1813,CAVENDISH,3314,2
1814,COLERAINE,3315,0
1815,ROKEWOOD,3330,0
1816,SKIPTON,3361,2
1817,BOTANIC RIDGE,3977,0
1818,CAMPBELLTOWN,3364,0
1819,KARNAK,3401,0
1820,CARLTON NORTH,3054,0
1821,NERRIN NERRIN,3351,0
1822,AMPHITHEATRE,3377,0
1823,JAMIESON,3723,0
1824,ALTONA MEADOWS,3028,0
1825,TONIMBUK,3815,0
1826,WAREEK,3465,0
1827,ARCADIA,3631,0
1828,STAVELY,3379,0
1829,DARLIMURLA,3871,0
1830,GOSCHEN,3585,0
1831,WILLUNG SOUTH,3844,1
1832,ARARAT,3377,0
1833,SHELBOURNE,3463,0
1834,MARNOO,3387,0
1835,WANDO VALE,3312,0
1836,ORFORD,3284,0
1837,BRINGALBERT,3319,0
1838,BANYAN,3485,0
1839,GRAYS BRIDGE,3477,0
1840,ROSLYNMEAD,3564,0
1841,WALLACEDALE,3303,0
1842,MOUNT MERCER,3352,0
1843,KELLALAC,3393,3
1844,KAMAROOKA,3570,1
1845,WELLSFORD,3551,0
1846,FOSTERVILLE,3557,0
1847,CORRINGLE,3888,0
1848,MARLO,3888,0
1849,BAIRNSDALE,3875,0
1850,BENDOC,3888,0
1851,COTSWOLD,3465,0
1852,CRANBOURNE,3977,0
1853,ELTHAM,3095,0
1854,KOLORA,3265,0
1855,GOON NURE,3875,0
1856,NAR NAR GOON NORTH,3812,0
1857,KEWELL,3390,0
1858,WICKLIFFE,3379,2
1859,BEECHWORTH,3747,0
1860,DRUMMARTIN,3570,0
1861,JANCOURT EAST,3266,0
1862,GLENFYNE,3266,0
1863,MYAMYN,3304,0
1864,TALLANDOON,3701,0
1865,DROMANA,3936,0
1866,WATSONIA,3087,0
1867,DANDENONG NORTH,3175,0
1868,BRADVALE,3361,0
1869,MONTMORENCY,3094,0
1870,SPRINGFIELD,3434,0
1871,WILBY,3728,0
1872,CARLTON,3053,0
1873,NERRENA,3953,0
1874,MIRBOO,3871,0
1875,BOOLARRA SOUTH,3870,0
1876,BRIAR HILL,3088,0
1877,BEMM RIVER,3889,0
1878,SEACOMBE,3851,0
1879,BELLFIELD,3081,0
1880,KINGLAKE CENTRAL,3757,0
1881,HOPPERS CROSSING,3029,0
1882,DARLINGTON,3271,0
1883,MATLOCK,3723,0
1884,EILDON,3713,0
1885,BALMORAL,3407,0
1886,MOUNT BUTE,3324,3
1887,DUTSON DOWNS,3851,0
1888,WINNAMBOOL,3546,0
1889,WHITTLESEA,3757,0
1890,BROADFORD,3658,0
1891,ELAINE,3334,0
1892,DINGWALL,3579,0
1893,MOUTAJUP,3294,0
1894,STONELEIGH,3373,0
1895,WRIXON,3860,0
1896,BAGSHOT NORTH,3551,0
1897,CHINANGIN,3544,1
1898,HILLSIDE,3875,0
1899,KALIMNA WEST,3909,0
1900,RED LION,3371,0
1901,MOUNT CAMERON,3370,0
1902,WOMBAT CREEK,3888,0
1903,BARWON HEADS,3227,0
1904,DREEITE,3249,0
1905,YARRAGON SOUTH,3823,0
1906,WARRABKOOK,3286,0
1907,NORMANVILLE,3579,0
1908,COONGULLA,3860,0
1909,CARDIGAN,3352,0
1910,TRAYNORS LAGOON,3477,0
1911,CAPELS CROSSING,3579,0
1912,OCEAN GROVE,3226,0
1913,KORUMBURRA,3950,1
1914,TRAFALGAR,3824,0
1915,WOODHOUSE,3294,0
1916,MINCHA WEST,3568,0
1917,WOORAGEE,3747,0
1918,PURNIM,3278,0
1919,COROROOKE,3254,0
1920,KARRAMOMUS,3631,0
1921,CANARY ISLAND,3537,0
1922,SKIBO,3260,0
1923,ROSTRON,3381,0
1924,CORUNNUN,3249,0
1925,BALINTORE,3249,0
1926,CROYDON NORTH,3136,0
1927,MENTONE,3194,0
1928,BALOOK,3971,0
1929,CARRANBALLAC,3361,2
1930,WONGA PARK,3115,0
1931,INDENTED HEAD,3223,0
1932,BROADWATER,3301,0
1933,WANDELLA,3579,0
1934,BOISDALE,3860,0
1935,AUCHMORE,3570,0
1936,NARRAPUMELAP SOUTH,3293,0
1937,QUANDONG,3030,0
1938,ELDORADO,3746,0
1939,GANNAWARRA,3568,0
1940,LAKE ROWAN,3727,0
1941,MOORMBOOL WEST,3523,0
1942,TRAGOWEL,3579,1
1943,JARKLIN,3517,0
1944,ALFREDTON,3350,0
1945,KATAMATITE,3649,0
1946,WONWONDAH,3401,0
1947,HOMEWOOD,3717,0
1948,CLYDEBANK,3851,0
1949,PIRA,3585,0
1950,LINTON,3360,0
1951,WERNETH,3352,0
1952,CRESSY,3322,0
1953,CORINDHAP,3352,0
1954,MOYSTON,3377,2
1955,COPE COPE,3480,0
1956,BIRCHIP,3483,0
1957,STANLEY,3747,0
1958,DIGBY,3309,0
1959,TOOLOME,3860,0
1960,WHOROULY SOUTH,3735,2
1961,MOUNT TAYLOR,3875,0
1962,BERRYBANK,3323,0
1963,GARVOC,3265,0
1964,MERRIGUM,3618,0
1965,BAEL BAEL,3579,0
1966,JOEL JOEL,3381,0
1967,JOEL SOUTH,3381,0
1968,EVANSFORD,3371,0
1969,HADDON,3351,0
1970,MADALYA,3971,0
1971,TOORAK,3142,0
1972,PRANJIP,3665,0
1973,KOOYONG,3144,0
1974,WARMUR,3482,0
1975,WOLLERT,3750,0
1976,NURRABIEL,3401,0
1977,TARRAVILLE,3971,0
1978,GAZETTE,3289,0
1979,WAL WAL,3381,0
1980,HEYFIELD,3858,0
1981,CROXTON EAST,3301,0
1982,TINTALDRA,3708,0
1983,LOCH SPORT,3851,0
1984,BENA,3946,0
1985,ST ANDREWS,3761,0
1986,LUCAS,3350,0
1987,STONY CREEK,3371,0
1988,DUNACH,3371,0
1989,HANSONVILLE,3675,0
1990,BUNGEET,3726,0
1991,DEVENISH,3726,0
1992,BONN,3561,0
1993,SEYMOUR,3660,0
1994,VALENCIA CREEK,3860,0
1995,PEECHELBA,3678,0
1996,LARRALEA,3325,0
1997,BIRCHIP WEST,3483,0
1998,DERRINAL,3523,0
1999,WARNCOORT,3243,0
2000,WOOLENOOK,3860,0
2001,BARANDUDA,3691,0
2002,ST ARNAUD EAST,3477,0
2003,HUNTER,3558,0
2004,BARKLY,3381,0
2005,TRAWALLA,3373,0
2006,POLISBET,3585,0
2007,THE SISTERS,3265,0
2008,GLENLOTH,3527,0
2009,COBDEN,3266,0
2010,SARGOOD,3858,0
2011,CORACK,3480,0
2012,WILSONS HILL,3515,0
2013,MOORNAPA,3862,0
2014,BUANGOR,3375,0
2015,MOUNT CAMEL,3523,0
2016,WROXHAM,3891,0
2017,NANGEELA,3312,0
2018,WANGIE,3530,0
2019,BULGANA,3377,0
2020,WARRION,3249,0
2021,AVOCA,3467,0
2022,LEICHARDT,3516,0
2023,BETE BOLONG NORTH,3888,0
2024,WORROWING,3858,0
2025,WAIREWA,3887,0
2026,MOUNT EMU,3351,0
2027,SANDHILL LAKE,3579,0
2028,DUNDONNELL,3271,0
2029,CARRAJUNG LOWER,3844,0
2030,SEABROOK,3028,0
2031,NULLAWARRE,3268,0
2032,WAANYARRA,3551,0
2033,LAANECOORIE,3463,0
2034,BREAKAWAY CREEK,3303,0
2035,MYRRHEE,3732,0
2036,CHESHUNT,3678,0
2037,DOBIE,3377,0
2038,KAWARREN,3249,0
2039,LAEN NORTH,3480,0
2040,LAKE BOGA,3584,0
2041,BANYENA,3388,0
2042,KARIAH,3260,0
2043,TABILK,3607,0
2044,WOOL WOOL,3249,0
2045,PARADISE,3381,0
2046,MINCHA,3575,0
2047,VICTORIA POINT,3294,0
2048,THOONA,3726,0
2049,MOLKA,3666,0
2050,WATSONIA NORTH,3087,0
2051,FOXHOW,3323,0
2052,WILLATOOK,3283,0
2053,WOODVALE,3556,0
2054,ECKLIN SOUTH,3265,0
2055,GLENALBYN,3517,0
2056,WARRAK,3377,0
2057,GLOMAR BEACH,3851,0
2058,PERCYDALE,3478,0
2059,YOUANMITE,3646,0
2060,CARINGAL,3825,0
2061,BAYNTON EAST,3444,0
2062,TOOBORAC,3522,0
2063,KILMORE EAST,3764,0
2064,LAKE MERAN,3579,0
2065,COCAMBA,3546,0
2066,LANCEFIELD,3435,0
2067,CONDAH,3303,0
2068,NOWIE,3585,0
2069,BYADUK NORTH,3300,0
2070,MOONDARRA,3825,0
2071,BARWITE,3722,0
2072,COONOOER BRIDGE,3477,0
2073,KARYRIE,3483,0
2074,CORRYONG,3707,0
2075,BLAKEVILLE,3342,0
2076,LEAGHUR,3537,0
2077,WAUBRA,3352,0
2078,SMOKO,3741,0
2079,KINYPANIAL,3520,0
2080,BOOROLITE,3723,0
2081,ACHERON,3714,0
2082,MORRISONS,3334,0
2083,WYCHITELLA,3525,0
2084,NYARRIN,3533,0
2085,STAGHORN FLAT,3691,0
2086,ASPENDALE GARDENS,3195,0
2087,TARRAYOUKYAN,3315,0
2088,KYNETON,3444,0
2089,MOYARRA,3951,0
2090,PUCKAPUNYAL,3662,0
2091,WARTOOK,3400,0
2092,TURRIFF,3488,0
2093,VASEY,3407,4
2094,MAROONA,3377,0
2095,NOOJEE,3833,0
2096,SPEED,3488,0
2097,MUDGEGONGA,3737,0
2098,BUFFALO RIVER,3737,0
2099,JUMBUNNA,3951,0
2100,BRUTHEN,3885,0
2101,MOUNT WALLACE,3342,0
2102,LINDSAY,3312,0
2103,BROUGHTON,3418,0
2104,EDI UPPER,3678,1
2105,NARRAPORT,3483,0
2106,REEDY LAKE,3579,0
2107,DUNLUCE,3472,0
2108,SERPENTINE,3517,0
2109,BIGGARA,3707,0
2110,RHYMNEY,3377,0
2111,NARING,3636,0
2112,MCLOUGHLINS BEACH,3874,0
2113,EUROA,3666,0
2114,CORIO,3214,0
2115,GRAYTOWN,3608,0
2116,WALLINGTON,3221,0
2117,BUNDING,3342,0
2118,STRATHDOWNIE,3312,2
2119,NURCOUNG,3401,0
2120,MITTYACK,3490,0
2121,COCHRANES CREEK,3475,0
2122,MAJOR PLAINS,3725,0
2123,MOUNT EGERTON,3352,0
2124,TEAL POINT,3579,0
2125,DIXIE,3265,0
2126,ECHUCA WEST,3564,0
2127,BREWSTER,3352,0
2128,LILLICUR,3371,0
2129,MURMUNGEE,3747,0
2130,CARAPOOEE,3477,0
2131,MEADOW CREEK,3678,0
2132,WEERITE,3260,0
2133,ULLSWATER,3318,1
2134,BUNG BONG,3465,0
2135,MURPHYS CREEK,3551,0
2136,HIGH CAMP,3764,0
2137,DREEITE SOUTH,3249,0
2138,SOUTH MELBOURNE,3205,0
2139,RED HILL,3937,0
2140,ABBEYARD,3737,0
2141,WHITEHEADS CREEK,3660,0
2142,WANDILIGONG,3744,0
2143,FAWCETT,3714,0
2144,ANCONA,3715,0
2145,GORAE,3305,0
2146,BEAZLEYS BRIDGE,3477,0
2147,KINGS PARK,3021,0
2148,CHIRNSIDE PARK,3116,0
2149,YALLOURN NORTH,3825,0
2150,POOLAIJELO,3312,4
2151,KOYUGA,3622,0
2152,CROSSLEY,3283,0
2153,CARRON,3480,0
2154,GAINSBOROUGH,3822,0
2155,MALVERN,3144,0
2156,POWLETT PLAINS,3517,4
2157,BUNDARA,3898,0
2158,SPRINGHURST,3682,0
2159,BORUNG,3518,0
2160,KILLAWARRA,3678,0
2161,ROKEWOOD JUNCTION,3351,0
2162,KALKALLO,3064,0
2163,ST HELENS PLAINS,3400,0
2164,MORWELL,3840,0
2165,MARYVALE,3840,0
2166,BRODRIBB RIVER,3888,0
2167,JEETHO,3945,0
2168,DALLAS,3047,0
2169,FAIRBANK,3951,0
2170,GLEN PARK,3352,0
2171,BINGINWARRI,3966,0
2172,TOORA NORTH,3962,0
2173,GUNYAH,3960,0
2174,MOUNT BEST,3960,0
2175,KEILOR EAST,3033,0
2176,RIGGS CREEK,3666,0
2177,SUNSHINE NORTH,3020,0
2178,CHIRRIP,3525,0
2179,JERICHO,3825,0
2180,WINTON NORTH,3673,0
2181,CROOKAYAN,3858,0
2182,KOOROOL,3860,0
2183,MARONG,3515,4
2184,COLAC EAST,3250,0
2185,ST JAMES,3727,0
2186,WELSHPOOL,3966,0
2187,THE GURDIES,3984,0
2188,FOSTER NORTH,3960,0
2189,PORT FRANKLIN,3964,0
2190,CALDER PARK,3037,0
2191,ENSAY,3895,1
2192,NUNNIONG,3896,0
2193,NIDDRIE,3042,0
2194,PITTONG,3360,1
2195,DONALD,3480,0
2196,CONDAH SWAMP,3286,0
2197,HUNTERSTON,3971,0
2198,BYADUK,3301,0
2199,WALHALLA EAST,3825,0
2200,LEDCOURT,3385,0
2201,BAHGALLAH,3312,1
2202,YAMBUK,3285,0
2203,STRATHEWEN,3099,0
2204,MURCHISON EAST,3610,0
2205,LOCKINGTON,3563,0
2206,KELVIN VIEW,3666,0
2207,REEDY FLAT,3895,0
2208,TAMLEUGH,3669,0
2209,BEENAK,3139,0
2210,GILDEROY,3797,0
2211,POWELLTOWN,3797,0
2212,TOL TOL,3549,0
2213,LAKE POWELL,3597,1
2214,BOUNDARY BEND,3599,1
2215,NARRUNG,3597,0
2216,NATYA,3597,0
2217,PIANGIL,3597,0
2218,NYAH,3594,0
2219,VINIFERA,3591,0
2220,BEVERFORD,3590,1
2221,SPEEWA,3585,0
2222,TYNTYNDER,3586,0
2223,MURRAYDALE,3586,0
2224,MURRABIT WEST,3579,0
2225,GONN CROSSING,3579,0
2226,MURRABIT,3579,0
2227,MYALL,3579,0
2228,KOONDROOK,3580,0
2229,COHUNA,3568,0
2230,BURKES BRIDGE,3568,0
2231,TOWANINNY,3527,0
2232,DEREEL,3352,0
2233,BENAYEO,3319,0
2234,ALVIE,3249,0
2235,BOLTON,3546,0
2236,DELEGATE RIVER,3888,0
2237,EASTWOOD,3875,0
2238,KEW,3101,0
2239,TUBBUT,3888,10
2240,GRANITE FLAT,3525,0
2241,CHILDERS,3824,0
2242,DEDDICK VALLEY,3888,0
2243,BONANG,3888,12
2244,KOALLAH,3260,0
2245,BRIDGEWATER,3516,0
2246,CANNIE,3540,0
2247,LIMESTONE,3717,0
2248,CLUNES,3370,0
2249,ADA,3833,0
2250,BAYSWATER NORTH,3153,1
2251,BURNSIDE HEIGHTS,3023,0
2252,SPRING GULLY,3550,0
2253,CABBAGE TREE CREEK,3889,0
2254,BONA VISTA,3820,0
2255,FLAGGY CREEK,3875,0
2256,DONNYBROOK,3064,0
2257,MALVERN EAST,3145,0
2258,LUBECK,3381,2
2259,TOOAN,3401,0
2260,DRUNG,3401,0
2261,MEERING WEST,3579,0
2262,TIMMERING,3561,0
2263,DUNOLLY,3472,0
2264,INDIGO VALLEY,3688,0
2265,DOUBLE BRIDGES,3893,0
2266,TAWONGA,3697,0
2267,MORTON PLAINS,3482,0
2268,REDBANK,3477,0
2269,WALLALOO EAST,3381,0
2270,MOROKA,3860,0
2271,MIOWERA,3862,0
2272,NAP NAP MARRA,3860,0
2273,TARNOOK,3670,0
2274,BLOWHARD,3352,0
2275,WEATHERBOARD,3352,0
2276,GOONGERAH,3888,0
2277,BOWENVALE,3465,0
2278,MOUNT GLASGOW,3371,0
2279,CRAIGIE,3465,0
2280,HEATHMERE,3305,0
2281,GOROKE,3412,0
2282,LAWLOIT,3418,0
2283,WANALTA,3612,0
2284,BURRAMBOOT,3559,0
2285,GATEWAY ISLAND,3691,0
2286,CARAPOOK,3312,0
2287,WEST WODONGA,3690,0
2288,BANDIANA,3691,0
2289,BARNAWARTHA NORTH,3688,0
2290,BARNAWARTHA,3688,0
2291,RUTHERGLEN,3685,0
2292,WAHGUNYAH,3687,0
2293,GOORAMADDA,3685,0
2294,BROWNS PLAINS,3685,0
2295,YARRAWONGA,3730,0
2296,BURRAMINE,3730,0
2297,COBRAM EAST,3644,0
2298,COBRAM,3643,0
2299,KOONOOMOO,3644,0
2300,MYWEE,3641,0
2301,ULUPNA,3641,0
2302,CORAGULAC,3249,0
2303,MINGAY,3324,0
2304,GRASSMERE,3281,0
2305,DUTSON,3851,0
2306,VITE VITE,3325,0
2307,KOORLONG,3501,0
2308,BROWN HILL,3350,0
2309,WHOOREL,3243,0
2310,WOORARRA EAST,3962,0
2311,HIAWATHA,3971,0
2312,ALBERTON,3971,0
2313,HEDLEY,3967,0
2314,WOOREEN,3953,0
2315,WEMEN,3549,1
2316,HAPPY VALLEY,3549,0
2317,BUNYIP,3815,0
2318,YIELIMA,3638,0
2319,BARMAH,3639,0
2320,LOWER MOIRA,3639,0
2321,ECHUCA VILLAGE,3564,0
2322,ECHUCA,3564,0
2323,WHARPARILLA,3564,0
2324,TORRUMBARRY,3562,0
2325,WAURN PONDS,3216,0
2326,MOOLAP,3221,0
2327,LEOPOLD,3224,0
2328,BULLUMWAAL,3875,1
2329,POMPAPIEL,3571,0
2330,INGLEWOOD,3517,0
2331,WOMBELANO,3401,0
2332,MACORNA,3579,0
2333,BRIGHT,3741,0
2334,BEALIBA,3475,0
2335,WONNANGATTA,3737,0
2336,GLENALADALE,3864,0
2337,WOOROONOOK,3525,0
2338,WY YUNG,3875,0
2339,MAGPIE,3352,0
2340,CALLAWADDA,3381,0
2341,WARRENMANG,3478,0
2342,SANDY CREEK,3695,0
2343,CATANI,3981,0
2344,KEILOR LODGE,3038,0
2345,WYCHEPROOF SOUTH,3527,0
2346,POOWONG EAST,3988,0
2347,ORBOST,3888,1
2348,MODELLA,3816,0
2349,DRIFFIELD,3840,0
2350,LAKE FYANS,3381,0
2351,WALLINDUC,3351,0
2352,WILLOWVALE,3360,0
2353,REEDY DAM,3395,0
2354,HARCOURT NORTH,3453,0
2355,COROP,3559,0
2356,COLBINABBIN,3559,0
2357,ALBERTON WEST,3971,0
2358,SAILORS GULLY,3556,0
2359,WALMER,3463,0
2360,METCALFE,3448,0
2361,EDDINGTON,3472,0
2362,WOODLEIGH,3945,0
2363,COCKATOO,3781,0
2364,PATHO,3564,0
2365,MOUNT HELEN,3350,0
2366,WARRENHEIP,3352,0
2367,BELLARINE,3221,0
2368,FORREST,3236,0
2369,LYONS,3304,0
2370,RIDDELLS CREEK,3431,0
2371,BRIAGOLONG,3860,0
2372,STRATFORD,3862,0
2373,MUNRO,3862,0
2374,CLEAR LAKE,3401,0
2375,TOOLONDO,3401,0
2376,KEVINGTON,3723,0
2377,KNOCKWOOD,3723,0
2378,ENOCHS POINT,3723,0
2379,BURRUMBEET,3352,2
2380,GARFIELD NORTH,3814,0
2381,EPPALOCK,3551,0
2382,HUNTLY NORTH,3551,0
2383,KNOWSLEY,3523,0
2384,AXEDALE,3551,0
2385,TARCOMBE,3666,0
2386,LONGWOOD EAST,3666,0
2387,NERRINA,3350,0
2388,NOWHERE CREEK,3469,0
2389,BAMAWM,3561,0
2390,COLAC COLAC,3707,0
2391,LINDENOW SOUTH,3875,0
2392,GOORNONG,3557,0
2393,CARBOOR,3678,0
2394,CLARKEFIELD,3430,0
2395,LYSTERFIELD SOUTH,3156,0
2396,COALVILLE,3825,0
2397,WESTBURY,3825,0
2398,MARKWOOD,3678,0
2399,ERRINUNDRA,3889,0
2400,CLUB TERRACE,3889,0
2401,BOBINAWARRAH,3678,0
2402,MUMBANNAR,3304,4
2403,EAST MELBOURNE,3002,0
2404,LONGWARRY,3816,0
2405,SWAN HILL WEST,3585,0
2406,POMONAL,3381,0
2407,WATCHEM,3482,0
2408,WILLAURA NORTH,3379,0
2409,MARAMINGO CREEK,3891,0
2410,WHITE HILLS,3550,0
2411,BLAMPIED,3364,0
2412,CASTELLA,3777,0
2413,CUDGEWA,3705,0
2414,NARIEL VALLEY,3705,0
2415,FRESHWATER CREEK,3216,0
2416,LEXTON,3352,0
2417,BURNBANK,3371,0
2418,GNARWARRE,3221,1
2419,MURGHEBOLUC,3218,2
2420,INVERLEIGH,3321,4
2421,NARRACAN,3824,0
2422,TERRAPPEE,3525,0
2423,THOWGLA VALLEY,3707,0
2424,MYSIA,3518,0
2425,HAMPTON PARK,3976,0
2426,CANN RIVER,3890,0
2427,SNAKE ISLAND,3971,0
2428,HIGHLANDS,3660,0
2429,CRANBOURNE EAST,3977,0
2430,BOHO,3669,0
2431,GONG GONG,3352,0
2432,NEEREMAN,3463,0
2433,BARRABOOL,3221,0
2434,LINDSAY POINT,3496,2
2435,NEDS CORNER,3496,0
2436,CULLULLERAINE,3496,0
2437,WARGAN,3505,0
2438,NICHOLS POINT,3501,0
2439,RED CLIFFS,3496,1
2440,IRAAK,3494,4
2441,NANGILOC,3494,2
2442,MITIAMO,3573,0
2443,JUNORTOUN,3551,0
2444,KEILOR PARK,3042,0
2445,TIMOR,3465,0
2446,BUCKRABANYULE,3525,0
2447,BARUNAH PARK,3329,1
2448,EARLSTON,3669,0
2449,SHELFORD,3329,1
2450,BUNGULUKE,3527,0
2451,ROSS CREEK,3351,0
2452,TEDDYWADDY WEST,3525,0
2453,HEIDELBERG HEIGHTS,3081,0
2454,IVANHOE,3079,0
2455,NAMBROK,3847,0
2456,WARBURTON,3799,0
2457,FERNBANK,3864,8
2458,HUNTLY,3551,0
2459,MYERS FLAT,3556,0
2460,BAMAWM EXTENSION,3561,0
2461,GELLIBRAND,3239,0
2462,MOOLORT,3465,0
2463,FIERY FLAT,3518,0
2464,BRIGHTON,3186,0
2465,OAKLANDS JUNCTION,3063,0
2466,ELLERSLIE,3265,0
2467,MARLBED,3483,0
2468,HARRIETVILLE,3741,0
2469,WRATHUNG,3860,0
2470,KUNAT,3585,0
2471,COGHILLS CREEK,3364,0
2472,BOLINDA,3432,0
2473,WABONGA,3678,0
2474,STRATHKELLAR,3301,0
2475,HAMILTON,3300,0
2476,MITRE,3401,1
2477,BOOLITE,3392,0
2478,WILKUR,3393,4
2479,WATCHEM WEST,3482,3
2480,LAWLER,3480,0
2481,MINYIP,3392,2
2482,SOUTHBANK,3006,0
2483,CHATSWORTH,3379,0
2484,NEWBRIDGE,3551,0
2485,BOIGBEAT,3531,0
2486,WANDOWN,3549,0
2487,DALYENONG,3477,0
2488,STUART MILL,3477,0
2489,BINDI,3896,0
2490,ARBUCKLE,3858,0
2491,GLENHOPE,3444,0
2492,STREATHAM,3351,0
2493,ILLABAROOK,3351,0
2494,TAMLEUGH NORTH,3669,0
2495,EAST BENDIGO,3550,0
2496,BO PEEP,3351,0
2497,JUNG,3399,0
2498,WHROO,3612,0
2499,REDCASTLE,3523,0
2500,LAEN,3480,0
2501,RICH AVON WEST,3480,0
2502,IVANHOE EAST,3079,0
2503,KEW EAST,3102,0
2504,PINE GROVE,3573,0
2505,KAARIMBA,3635,0
2506,KYABRAM,3619,0
2507,BURWOOD,3125,0
2508,ALMONDS,3727,0
2509,STOCKDALE,3862,0
2510,WOODS POINT,3723,0
2511,SLATY CREEK,3477,0
2512,BYAWATHA,3678,0
2513,GRINGEGALGONA,3315,0
2514,BOORHAMAN,3678,0
2515,LAKE WELLINGTON,3851,0
2516,BURAGWONDUC,3858,0
2517,COORIEMUNGLE,3268,1
2518,STOCKYARD HILL,3373,1
2519,OZENKADNOOK,3413,0
2520,DURHAM OX,3576,0
2521,BARRAPORT,3537,0
2522,NAGAMBIE,3608,0
2523,LAKE CHARM,3581,0
2524,TUROAR,3546,0
2525,CHESHUNT SOUTH,3678,0
2526,WINDERMERE,3352,0
2527,TARRINGTON,3301,0
2528,MOUNTAIN VIEW,3988,0
2529,AGNES,3962,0
2530,KORUMBURRA SOUTH,3950,0
2531,AMHERST,3371,0
2532,EASTVILLE,3463,0
2533,BARINGHUP WEST,3463,0
2534,JEFFCOTT NORTH,3480,0
2535,TULLAMARINE,3043,0
2536,KENNINGTON,3550,0
2537,AREEGRA,3480,0
2538,FAIRY DELL,3561,0
2539,SMOKEYTOWN,3364,0
2540,CHARLEROI,3695,0
2541,JARVIS CREEK,3700,0
2542,MOLLONGGHIP,3352,0
2543,MITTA MITTA,3701,0
2544,ESKDALE,3701,0
2545,WALKERVILLE SOUTH,3956,0
2546,TARWIN LOWER,3956,0
2547,WALKERVILLE,3956,0
2548,MAFFRA WEST UPPER,3859,0
2549,WODONGA,3689,0
2550,SUNSHINE WEST,3020,0
2551,QUEENSFERRY,3984,0
2552,GRANTVILLE,3984,0
2553,SWANWATER WEST,3480,0
2554,YUULONG,3237,0
2555,SUNSHINE,3020,0
2556,TAYLORS HILL,3037,0
2557,DELAHEY,3037,0
2558,HADFIELD,3046,0
2559,NALINGA,3646,0
2560,TIMBARRA,3885,0
2561,ELIZABETH ISLAND,3921,0
2562,ELMORE,3558,1
2563,GOWANGARDIE,3669,0
2564,STRATHBOGIE,3666,0
2565,CAMBARVILLE,3779,0
2566,CHERRYPOOL,3401,0
2567,MOORABBIN AIRPORT,3194,0
2568,SHEEP HILLS,3392,0
2569,PERRY BRIDGE,3862,0
2570,YACKANDANDAH,3749,0
2571,GYMBOWEN,3401,0
2572,TONGIO,3896,0
2573,HENSLEY PARK,3301,0
2574,CHARAM,3318,3
2575,JEFFCOTT,3480,0
2576,MONOMAK,3860,0
2577,CORNDALE,3311,3
2578,TOONGABBIE,3856,0
2579,TOOLLEEN,3551,1
2580,KANCOONA,3691,0
2581,CAPEL SOUND,3940,0
2582,RUBY,3953,0
2583,BUNYIP NORTH,3815,0
2584,INVERLOCH,3996,0
2585,STONY CREEK,3957,0
2586,POUND CREEK,3996,1
2587,MININERA,3351,0
2588,TARRAWARRA,3775,0
2589,FLAGSTAFF,3465,0
2590,MOONEE PONDS,3039,0
2591,COBURG NORTH,3058,0
2592,PRESTON,3072,0
2593,CARISBROOK,3464,0
2594,YERING,3770,0
2595,GRUYERE,3770,0
2596,YARRA GLEN,3775,0
2597,HOWQUA HILLS,3723,0
2598,GORMANDALE,3873,0
2599,WILLOWMAVIN,3764,0
2600,NEERIM EAST,3831,0
2601,BOOLE POOLE,3880,0
2602,SCOTTS CREEK,3267,0
2603,KERGUNYAH,3691,0
2604,MEERLIEU,3862,0
2605,GERAHMIN,3546,0
2606,KOONDA,3669,0
2607,LITTLE DESERT,3418,4
2608,CANIAMBO,3630,0
2609,KANAGULK,3401,0
2610,ROSE RIVER,3678,0
2611,PORTLAND,3305,0
2612,STRATHDALE,3550,0
2613,LEARMONTH,3352,0
2614,ADDINGTON,3352,0
2615,STRATHFIELDSAYE,3551,0
2616,KIATA,3418,0
2617,SEDGWICK,3551,0
2618,YALLOURN,3825,0
2619,YALCA,3637,0
2620,BEARII,3641,0
2621,ROWSLEY,3340,0
2622,MADDINGLEY,3340,0
2623,WATERWAYS,3195,0
2624,BRAESIDE,3195,0
2625,HEPBURN SPRINGS,3461,0
2626,MACS COVE,3723,0
2627,BRUNSWICK EAST,3057,0
2628,BEVERIDGE,3753,0
2629,MACKS CREEK,3971,0
2630,TANDARRA,3571,0
2631,TESBURY,3260,0
2632,LAKE TYRRELL,3533,0
2633,INVERGORDON,3636,0
2634,BETHANGA,3691,0
2635,BELLBRIDGE,3691,0
2636,TALLANGATTA EAST,3700,0
2637,BOLWARRA,3305,0
2638,ALLESTREE,3305,0
2639,NARRAWONG,3285,0
2640,CLONBINANE,3658,0
2641,FLOWERDALE,3658,0
2642,TARRA VALLEY,3971,0
2643,GISBORNE,3437,0
2644,EVERTON UPPER,3678,0
2645,JOHANNA,3238,0
2646,CHAPPLE VALE,3239,0
2647,LAVERS HILL,3238,0
2648,GLENAIRE,3238,0
2649,COLAC,3250,0
2650,PITFIELD,3351,0
2651,MANNIBADAR,3360,0
2652,SMYTHESDALE,3351,0
2653,YEUNGROON,3525,0
2654,LARA,3212,0
2655,LAVERTON NORTH,3026,7
2656,RYANSTON,3992,0
2657,KONGWAK,3951,0
2658,FYANSFORD,3218,0
2659,MAUDE,3331,0
2660,SHE OAKS,3331,0
2661,HARKNESS,3337,0
2662,THORNHILL PARK,3335,0
2663,NAR NAR GOON,3812,0
2664,TYNONG,3813,0
2665,CHELTENHAM,3192,0
2666,WANTIRNA SOUTH,3152,0
2667,TEMPLESTOWE LOWER,3107,0
2668,TEMPLESTOWE,3106,0
2669,SOUTH MORANG,3752,0
2670,MACEDON,3440,0
2671,SHEPPARTON,3630,0
2672,CERES,3221,0
2673,DERRIMUT,3030,0
2674,BRUNSWICK,3056,0
2675,COBBLEBANK,3338,0
2676,KURUNJANG,3337,0
2677,FIELDSTONE,3024,0
2678,ROCKBANK,3335,0
2679,AINTREE,3336,0
2680,KEILOR DOWNS,3038,0
2681,HILLSIDE,3037,0
2682,BEAUMARIS,3193,0
2683,SCORESBY,3179,0
2684,HAWTHORN EAST,3123,0
2685,NORTHCOTE,3070,0
2686,FAIRFIELD,3078,0
2687,SUGARLOAF,3221,0
2688,NINTINGBOOL,3351,0
2689,WINGEEL,3321,0
2690,HESSE,3321,0
2691,OUTTRIM,3951,0
2692,EPPING,3076,0
2693,TYLDEN,3444,0
2694,FERN HILL,3458,0
2695,MOUNT MACEDON,3441,0
2696,TINAMBA WEST,3859,0
2697,NEWRY,3859,0
2698,MAFFRA,3860,0
2699,KIALLA,3631,0
2700,TARRAWINGEE,3678,0
2701,EVERTON,3678,0
2702,SCARSDALE,3351,0
2703,DOOBOOBETIC,3478,0
2704,CHARLTON,3525,0
2705,NINDA,3533,0
2706,CAPE CLEAR,3351,0
2707,NEWTOWN,3351,0
2708,HIGHTON,3216,0
2709,SEA LAKE,3533,0
2710,PASTORIA EAST,3444,0
2711,MYRTLE CREEK,3444,0
2712,MOUNT COLE CREEK,3377,0
2713,GLENLOFTY,3469,0
2714,HOPETOUN PARK,3340,0
2715,MARUNGI,3634,0
2716,DUTTON WAY,3305,0
2717,COLAC WEST,3250,0
2718,ESSENDON,3040,0
2719,OAK PARK,3046,0
2720,NOBLE PARK,3174,0
2721,SPRINGVALE,3171,0
2722,SOUTH YARRA,3141,0
2723,GOLDEN SQUARE,3555,0
2724,SEDDON,3011,0
2725,JACKASS FLAT,3556,0
2726,KENNEDYS CREEK,3239,0
2727,KINGSTON,3364,0
2728,ARCHDALE JUNCTION,3475,0
2729,ST CLAIR,3995,0
2730,MALMSBURY,3446,0
2731,FLYNN,3844,0
2732,ROSEDALE,3847,2
2733,LICOLA NORTH,3858,0
2734,REYNARD,3858,0
2735,WARRONG,3283,0
2736,TANYBRYN,3249,0
2737,WONGARRA,3221,0
2738,LEONGATHA SOUTH,3953,0
2739,MEENIYAN,3956,0
2740,NYORA,3987,0
2741,LEONGATHA,3953,0
2742,YULECART,3301,1
2743,BOCHARA,3301,2
2744,BULART,3314,0
2745,LONG FOREST,3340,0
2746,BROOKFIELD,3338,0
2747,GRANGEFIELDS,3335,0
2748,ALBERT PARK,3206,0
2749,ST KILDA,3182,0
2750,ARMADALE,3143,0
2751,STRATHMORE,3041,0
2752,COBURG,3058,0
2753,WOODEND NORTH,3442,0
2754,GREENHILL,3444,0
2755,GLEN IRIS,3146,0
2756,DINGEE,3571,0
2757,TALLANGATTA SOUTH,3701,0
2758,TALGARNO,3691,0
2759,SEPARATION CREEK,3221,0
2760,CONNEWIRRICOO,3318,0
2761,TERANG,3264,0
2762,CLYDE NORTH,3978,0
2763,DENVER,3461,0
2764,PARAPARAP,3240,0
2765,WALPA,3875,0
2766,IGUANA CREEK,3875,0
2767,WUK WUK,3875,0
2768,FORGE CREEK,3875,0
2769,METUNG,3904,0
2770,PRAIRIE,3572,0
2771,CALIVIL,3573,0
2772,TAHARA WEST,3310,0
2773,GRASSDALE,3302,0
2774,TYENNA,3533,0
2775,WURDIBOLUC,3241,0
2776,WILLIAMSTOWN,3016,0
2777,RAVENSWOOD SOUTH,3453,0
2778,KOOROOMAN,3953,0
2779,VICTORIA VALLEY,3294,0
2780,MCMILLANS,3568,0
2781,WONYIP,3962,0
2782,GLENGARRY WEST,3854,0
2783,TRARALGON EAST,3844,0
2784,INGLISTON,3342,0
2785,DARLEY,3340,0
2786,GREENDALE,3341,0
2787,MELTON WEST,3337,0
2788,MELTON,3337,0
2789,BONNIE BROOK,3335,0
2790,PLUMPTON,3037,0
2791,GREENVALE,3059,0
2792,BUNDOORA,3083,0
2793,MILL PARK,3082,0
2794,GREENSBOROUGH,3088,0
2795,CATHKIN,3714,0
2796,SEBASTIAN,3556,0
2797,GRAND RIDGE,3870,0
2798,CREMORNE,3121,0
2799,TEMPY,3489,2
2800,CULLA,3315,1
2801,GREAT WESTERN,3374,0
2802,FOSTER,3960,0
2803,COBBANNAH,3862,0
2804,MERRIJIG,3875,2
2805,RYANS,3875,0
2806,DEVON MEADOWS,3977,0
2807,KILSYTH,3137,0
2808,CROYDON,3136,0
2809,EDEN PARK,3757,0
2810,HEATHCOTE SOUTH,3523,0
2811,HEATHCOTE,3523,0
2812,WHANREGARWEN,3714,0
2813,KORIELLA,3714,0
2814,LIMA SOUTH,3673,0
2815,BRIDGE CREEK,3723,0
2816,CAMPBELLS FOREST,3556,0
2817,AVONMORE,3559,0
2818,RUNNYMEDE,3558,0
2819,MEAD,3568,0
2820,MARDAN,3953,0
2821,LOY YANG,3844,0
2822,TRARALGON,3844,0
2823,UPPER PLENTY,3756,0
2824,KIRWANS BRIDGE,3608,0
2825,GOULBURN WEIR,3608,0
2826,KOTUPNA,3638,0
2827,PICOLA,3639,2
2828,GREENWALD,3304,0
2829,WINNAP,3304,0
2830,MERINO,3310,0
2831,GERANGAMETE,3243,0
2832,TRARALGON SOUTH,3844,0
2833,BALLIANG EAST,3340,0
2834,WURRUK,3850,0
2835,JOHNSONVILLE,3902,0
2836,CHILLINGOLLAH,3585,0
2837,CORA LYNN,3814,0
2838,HARKAWAY,3806,0
2839,LYAL,3444,0
2840,BLACK RANGE,3381,0
2841,NANDALY,3533,0
2842,CROWLANDS,3377,2
2843,MILDURA,3500,0
2844,IRYMPLE,3498,0
2845,TORQUAY,3228,0
2846,CONNEWARRE,3227,0
2847,REDESDALE,3444,0
2848,KIMBOLTON,3551,0
2849,MYOLA,3551,0
2850,FISH CREEK,3959,0
2851,SANDY POINT,3959,0
2852,BERWICK,3806,0
2853,OFFICER,3809,0
2854,ROXBURGH PARK,3064,0
2855,LARDNER,3821,0
2856,TARWIN,3956,0
2857,FLEMINGTON,3031,0
2858,MELBOURNE AIRPORT,3045,0
2859,BULLA,3428,0
2860,FRANKSTON,3199,0
2861,LANGWARRIN,3910,0
2862,LYNDHURST,3975,0
2863,TAYLOR BAY,3713,0
2864,MIRIMBAH,3722,0
2865,BREAMLEA,3227,0
2866,WARNEET,3980,0
2867,GUYS HILL,3807,0
2868,PRAHRAN,3181,0
2869,MONT ALBERT NORTH,3129,0
2870,BALWYN NORTH,3104,0
2871,BOX HILL NORTH,3129,0
2872,DONCASTER,3108,0
2873,MITCHAM,3132,0
2874,BONSHAW,3352,0
2875,BUMBERRAH,3902,0
2876,MOUNT ECCLES SOUTH,3953,0
2877,DELACOMBE,3356,0
2878,MIDDLE PARK,3206,0
2879,ST KILDA WEST,3182,0
2880,JARRAHMOND,3888,0
2881,BRUNSWICK WEST,3055,0
2882,PASCOE VALE SOUTH,3044,0
2883,CREEK VIEW,3551,0
2884,TOOLANGI,3777,0
2885,KITHBROOK,3666,0
2886,ASCOT,3551,0
2887,WILLOW GROVE,3825,0
2888,TANJIL SOUTH,3825,0
2889,LAUNCHING PLACE,3139,0
2890,YARRA JUNCTION,3797,0
2891,BETE BOLONG,3888,0
2892,NEWMERELLA,3886,0
2893,NARRE WARREN NORTH,3804,0
2894,NARRE WARREN,3805,0
2895,BOOSEY,3730,0
2896,ANAKIE,3213,1
2897,PORTSEA,3944,0
2898,CASHMORE,3305,0
2899,PORTLAND WEST,3305,0
2900,BONEGILLA,3691,0
2901,CLAYTON,3168,0
2902,MULGRAVE,3170,0
2903,LAKE EILDON,3713,0
2904,MOUNTAIN BAY,3723,0
2905,PORTLAND NORTH,3305,0
2906,PORT CAMPBELL,3269,0
2907,BOORCAN,3265,0
2908,ROBINVALE,3549,0
2909,FLINDERS,3929,0
2910,SHOREHAM,3916,0
2911,ROMSEY,3434,0
2912,CREIGHTONS CREEK,3666,0
2913,MYRTLEBANK,3851,0
2914,TAMINICK,3675,0
2915,WANGARATTA SOUTH,3678,0
2916,MIRAM,3415,0
2917,MURTOA,3390,1
2918,VIOLET TOWN,3669,0
2919,TOSTAREE,3888,0
2920,MERRICKS BEACH,3926,0
2921,BALNARRING BEACH,3926,0
2922,BALLYROGAN,3375,4
2923,MERTON,3715,0
2924,WANTIRNA,3152,0
2925,NEWFIELD,3268,0
2926,BACCHUS MARSH,3340,0
2927,MERRICKS,3916,0
2928,OFFICER SOUTH,3809,0
2929,RINGWOOD,3134,0
2930,PAKENHAM UPPER,3810,0
2931,OVENS,3738,0
2932,EUROBIN,3739,0
2933,MOUNT BURNETT,3781,0
2934,GEMBROOK,3783,0
2935,RUFFY,3666,0
2936,HESKET,3442,0
2937,ROCHFORD,3442,0
2938,CARLYLE,3685,0
2939,MOUNT COLE,3377,0
2940,SAMARIA,3673,0
2941,GLENGARRY,3854,0
2942,KILMANY,3851,0
2943,FULHAM,3851,0
2944,BERRYS CREEK,3953,0
2945,BOOROOL,3953,0
2946,CAMBRIAN HILL,3352,0
2947,SEBASTOPOL,3356,0
2948,LAKE TYERS,3887,0
2949,CARLSRUHE,3442,0
2950,SUTTON GRANGE,3448,0
2951,BAYNTON,3444,0
2952,ASHBOURNE,3442,0
2953,IRREWARRA,3249,1
2954,ONDIT,3249,0
2955,SMYTHES CREEK,3351,0
2956,KATUNGA,3640,0
2957,RINGWOOD EAST,3135,0
2958,TOORLOO ARM,3909,0
2959,NOWA NOWA,3887,1
2960,SYDENHAM,3037,0
2961,OLD TALLANGATTA,3701,0
2962,TANDAROOK,3260,0
2963,MOUNT DUNEED,3216,0
2964,ARMSTRONG CREEK,3217,0
2965,GISBORNE SOUTH,3437,0
2966,POINT LEO,3916,0
2967,DEANSIDE,3336,0
2968,FRASER RISE,3336,0
2969,CAROLINE SPRINGS,3023,0
2970,SOMERS,3927,0
2971,HMAS CERBERUS,3920,0
2972,GLEN ALVIE,3979,0